g_ptsx,g_ptsy
0.00E+00,0.99998356
6.90E-07,1.00001644
1.38E-06,0.99998354
2.07E-06,1.00001648
2.76E-06,0.99998348
3.45E-06,1.00001656
4.14E-06,0.99998338
4.83E-06,1.00001669
5.52E-06,0.99998323
6.21E-06,1.00001686
6.90E-06,0.99998304
7.59E-06,1.00001707
8.28E-06,0.9999828
8.97E-06,1.00001733
9.66E-06,0.99998252
1.04E-05,1.00001764
1.10E-05,0.99998218
1.17E-05,1.000018
1.24E-05,0.99998179
1.31E-05,1.00001842
1.38E-05,0.99998135
1.45E-05,1.0000189
1.52E-05,0.99998084
1.59E-05,1.00001944
1.66E-05,0.99998026
1.73E-05,1.00002006
1.79E-05,0.99997961
1.86E-05,1.00002075
1.93E-05,0.99997887
2.00E-05,1.00002153
2.07E-05,0.99997804
2.14E-05,1.00002241
2.21E-05,0.99997711
2.28E-05,1.0000234
2.35E-05,0.99997606
2.42E-05,1.00002451
2.49E-05,0.99997488
2.55E-05,1.00002577
2.62E-05,0.99997354
2.69E-05,1.0000272
2.76E-05,0.99997202
2.83E-05,1.00002882
2.90E-05,0.99997028
2.97E-05,1.00003067
3.04E-05,0.9999683
3.11E-05,1.0000328
3.18E-05,0.99996601
3.24E-05,1.00003527
3.31E-05,0.99996334
3.38E-05,1.00003816
3.45E-05,0.99996021
3.52E-05,1.00004156
3.59E-05,0.99995649
3.66E-05,1.00004564
3.73E-05,0.99995201
3.80E-05,1.00005059
3.87E-05,0.99994652
3.93E-05,1.00005672
4.00E-05,0.99993964
4.07E-05,1.0000645
4.14E-05,0.99993078
4.21E-05,1.00007467
4.28E-05,0.99991896
4.35E-05,1.00008856
4.42E-05,0.99990241
4.49E-05,1.00010863
4.56E-05,0.99987755
4.63E-05,1.00014026
4.69E-05,0.99983591
4.76E-05,1.00019766
4.83E-05,0.99975143
4.90E-05,1.00033488
4.97E-05,0.99948863
5.04E-05,1.00103252
5.11E-05,0.99319613
5.18E-05,0.95716832
5.25E-05,0.91758572
5.32E-05,0.88595496
5.38E-05,0.87331467
5.45E-05,0.86023478
5.52E-05,0.8480127
5.59E-05,0.83509688
5.66E-05,0.82328993
5.73E-05,0.81110872
5.80E-05,0.79933893
5.87E-05,0.78721813
5.94E-05,0.77535021
6.01E-05,0.76374893
6.08E-05,0.7548807
6.14E-05,0.74593517
6.21E-05,0.73725459
6.28E-05,0.72831042
6.35E-05,0.71961532
6.42E-05,0.71068402
6.49E-05,0.70203611
6.56E-05,0.69430241
6.63E-05,0.68716722
6.70E-05,0.67974632
6.77E-05,0.67256217
6.83E-05,0.66516814
6.90E-05,0.6579621
6.97E-05,0.65059249
7.04E-05,0.64334418
7.11E-05,0.63624607
7.18E-05,0.63033427
7.25E-05,0.62429189
7.32E-05,0.618429
7.39E-05,0.61239109
7.46E-05,0.60652097
7.52E-05,0.60049045
7.59E-05,0.59461255
7.66E-05,0.58859168
7.73E-05,0.58269597
7.80E-05,0.57678649
7.87E-05,0.57174369
7.94E-05,0.5666778
8.01E-05,0.56172528
8.08E-05,0.55665252
8.15E-05,0.55169925
8.22E-05,0.54662951
8.28E-05,0.54167189
8.35E-05,0.53660794
8.42E-05,0.53164217
8.49E-05,0.52659142
8.56E-05,0.52159824
8.63E-05,0.51687029
8.70E-05,0.51274598
8.77E-05,0.50844685
8.84E-05,0.50430402
8.91E-05,0.50001572
8.97E-05,0.49586644
9.04E-05,0.49158222
9.11E-05,0.48743044
9.18E-05,0.48314738
9.25E-05,0.47899594
9.32E-05,0.47471032
9.39E-05,0.47056578
9.46E-05,0.46626122
9.53E-05,0.46235127
9.60E-05,0.45873883
9.66E-05,0.45518968
9.73E-05,0.45156793
9.80E-05,0.44802461
9.87E-05,0.44439989
9.94E-05,0.44085809
1.00E-04,0.43723265
1.01E-04,0.43369109
1.01E-04,0.43006571
1.02E-04,0.4265239
1.03E-04,0.42289881
1.04E-04,0.41935706
1.04E-04,0.41572966
1.05E-04,0.41222041
1.06E-04,0.40903201
1.06E-04,0.40603591
1.07E-04,0.40293352
1.08E-04,0.39992614
1.08E-04,0.3968283
1.09E-04,0.39381837
1.10E-04,0.39072224
1.10E-04,0.38771104
1.11E-04,0.3846159
1.12E-04,0.38160391
1.13E-04,0.37850939
1.13E-04,0.37549699
1.14E-04,0.37240253
1.15E-04,0.36939094
1.15E-04,0.36629237
1.16E-04,0.3633217
1.17E-04,0.36062215
1.17E-04,0.35807068
1.18E-04,0.35542755
1.19E-04,0.35286884
1.19E-04,0.35022842
1.20E-04,0.34766831
1.21E-04,0.34502872
1.22E-04,0.3424681
1.22E-04,0.33982879
1.23E-04,0.33726808
1.24E-04,0.33462866
1.24E-04,0.33206833
1.25E-04,0.32942816
1.26E-04,0.32686915
1.26E-04,0.32422666
1.27E-04,0.32167194
1.28E-04,0.31902188
1.28E-04,0.31667926
1.29E-04,0.31445444
1.30E-04,0.31226503
1.30E-04,0.31002797
1.31E-04,0.30784371
1.32E-04,0.30560402
1.33E-04,0.30342124
1.33E-04,0.30118069
1.34E-04,0.29899838
1.35E-04,0.29675763
1.35E-04,0.29457532
1.36E-04,0.29233475
1.37E-04,0.29015209
1.37E-04,0.28791205
1.38E-04,0.28572864
1.39E-04,0.28348963
1.39E-04,0.28130479
1.40E-04,0.2790676
1.41E-04,0.27688664
1.42E-04,0.27488372
1.42E-04,0.27305202
1.43E-04,0.27113648
1.44E-04,0.26929456
1.44E-04,0.26738336
1.45E-04,0.26553895
1.46E-04,0.26362945
1.46E-04,0.26178375
1.47E-04,0.25987531
1.48E-04,0.25802868
1.48E-04,0.25612111
1.49E-04,0.25427361
1.50E-04,0.25236695
1.50E-04,0.25051846
1.51E-04,0.24861294
1.52E-04,0.24676306
1.53E-04,0.24485936
1.53E-04,0.24300682
1.54E-04,0.2411076
1.55E-04,0.23924585
1.55E-04,0.23747755
1.56E-04,0.23593625
1.57E-04,0.23431203
1.57E-04,0.23276256
1.58E-04,0.23114259
1.59E-04,0.22959057
1.59E-04,0.22797234
1.60E-04,0.22641902
1.61E-04,0.22480182
1.62E-04,0.22324763
1.62E-04,0.22163119
1.63E-04,0.22007632
1.64E-04,0.21846052
1.64E-04,0.21690503
1.65E-04,0.21528986
1.66E-04,0.21373371
1.66E-04,0.21211925
1.67E-04,0.21056228
1.68E-04,0.20894883
1.68E-04,0.20739056
1.69E-04,0.20577872
1.70E-04,0.20422279
1.71E-04,0.2027869
1.71E-04,0.20149674
1.72E-04,0.20012862
1.73E-04,0.19883065
1.73E-04,0.19746581
1.74E-04,0.19616602
1.75E-04,0.19480234
1.75E-04,0.19350173
1.76E-04,0.19213866
1.77E-04,0.1908376
1.77E-04,0.18947488
1.78E-04,0.18817355
1.79E-04,0.18681102
1.79E-04,0.18550957
1.80E-04,0.18414708
1.81E-04,0.18284568
1.82E-04,0.18148304
1.82E-04,0.18018193
1.83E-04,0.17881879
1.84E-04,0.17751851
1.84E-04,0.17615396
1.85E-04,0.17485625
1.86E-04,0.17348694
1.86E-04,0.17230562
1.87E-04,0.17117623
1.88E-04,0.17008428
1.88E-04,0.16894799
1.89E-04,0.16785904
1.90E-04,0.16672115
1.91E-04,0.16563315
1.91E-04,0.16449465
1.92E-04,0.16340707
1.93E-04,0.16226829
1.93E-04,0.16118089
1.94E-04,0.16004199
1.95E-04,0.15895466
1.95E-04,0.15781573
1.96E-04,0.15672841
1.97E-04,0.15558948
1.97E-04,0.15450214
1.98E-04,0.15336325
1.99E-04,0.15227586
2.00E-04,0.15113702
2.00E-04,0.15004962
2.01E-04,0.14891069
2.02E-04,0.14782364
2.02E-04,0.14668321
2.03E-04,0.14561135
2.04E-04,0.14463496
2.04E-04,0.1437424
2.05E-04,0.14279216
2.06E-04,0.14189625
2.06E-04,0.14094728
2.07E-04,0.14005069
2.08E-04,0.13910216
2.08E-04,0.13820525
2.09E-04,0.13725698
2.10E-04,0.13635985
2.11E-04,0.13541177
2.11E-04,0.13451446
2.12E-04,0.13356655
2.13E-04,0.13266908
2.13E-04,0.13172133
2.14E-04,0.1308237
2.15E-04,0.12987611
2.15E-04,0.12897831
2.16E-04,0.1280309
2.17E-04,0.12713292
2.17E-04,0.1261857
2.18E-04,0.12528751
2.19E-04,0.12434051
2.20E-04,0.12344216
2.20E-04,0.12249481
2.21E-04,0.12160445
2.22E-04,0.1207877
2.22E-04,0.12005823
2.23E-04,0.11927108
2.24E-04,0.11853783
2.24E-04,0.11775218
2.25E-04,0.11701812
2.26E-04,0.11623299
2.26E-04,0.11549856
2.27E-04,0.1147137
2.28E-04,0.11397907
2.29E-04,0.11319438
2.29E-04,0.1124596
2.30E-04,0.11167503
2.31E-04,0.11094015
2.31E-04,0.11015566
2.32E-04,0.10942073
2.33E-04,0.10863626
2.33E-04,0.10790134
2.34E-04,0.10711683
2.35E-04,0.10638199
2.35E-04,0.10559734
2.36E-04,0.10486272
2.37E-04,0.10407773
2.37E-04,0.10334366
2.38E-04,0.10255771
2.39E-04,0.1018255
2.40E-04,0.10103505
2.40E-04,0.10035027
2.41E-04,0.09971096
2.42E-04,0.09911108
2.42E-04,0.09847041
2.43E-04,0.09787181
2.44E-04,0.09723038
2.44E-04,0.09663225
2.45E-04,0.09599053
2.46E-04,0.09539258
2.46E-04,0.09475075
2.47E-04,0.09415286
2.48E-04,0.093511
2.49E-04,0.09291311
2.49E-04,0.09227128
2.50E-04,0.09167333
2.51E-04,0.09103158
2.51E-04,0.09043354
2.52E-04,0.0897919
2.53E-04,0.08919373
2.53E-04,0.08855225
2.54E-04,0.08795389
2.55E-04,0.08731263
2.55E-04,0.08671399
2.56E-04,0.08607309
2.57E-04,0.08547398
2.57E-04,0.08483373
2.58E-04,0.08423363
2.59E-04,0.08359513
2.60E-04,0.08299105
2.60E-04,0.08239566
2.61E-04,0.08192004
2.62E-04,0.08139349
2.62E-04,0.08091598
2.63E-04,0.0803908
2.64E-04,0.07991243
2.64E-04,0.07938785
2.65E-04,0.07890904
2.66E-04,0.0783848
2.66E-04,0.07790571
2.67E-04,0.07738171
2.68E-04,0.07690241
2.69E-04,0.0763786
2.69E-04,0.07589913
2.70E-04,0.07537547
2.71E-04,0.07489586
2.71E-04,0.07437233
2.72E-04,0.07389259
2.73E-04,0.07336919
2.73E-04,0.07288933
2.74E-04,0.07236605
2.75E-04,0.07188608
2.75E-04,0.0713629
2.76E-04,0.07088282
2.77E-04,0.07035975
2.78E-04,0.06987956
2.78E-04,0.06935663
2.79E-04,0.06887624
2.80E-04,0.06835367
2.80E-04,0.06787226
2.81E-04,0.0673583
2.82E-04,0.06696284
2.82E-04,0.06654117
2.83E-04,0.06615843
2.84E-04,0.06573525
2.84E-04,0.06535298
2.85E-04,0.06492962
2.86E-04,0.06454742
2.86E-04,0.06412405
2.87E-04,0.06374183
2.88E-04,0.0633185
2.89E-04,0.06293622
2.89E-04,0.06251295
2.90E-04,0.06213061
2.91E-04,0.06170742
2.91E-04,0.061325
2.92E-04,0.06090188
2.93E-04,0.06051938
2.93E-04,0.06009635
2.94E-04,0.05971375
2.95E-04,0.05929083
2.95E-04,0.05890812
2.96E-04,0.05848531
2.97E-04,0.05810249
2.98E-04,0.0576798
2.98E-04,0.05729684
2.99E-04,0.05687431
3.00E-04,0.05649115
3.00E-04,0.05606889
3.01E-04,0.05568533
3.02E-04,0.05526376
3.02E-04,0.0548785
3.03E-04,0.05446989
3.04E-04,0.05416396
3.04E-04,0.05382419
3.05E-04,0.0535236
3.06E-04,0.05318344
3.07E-04,0.05288284
3.07E-04,0.05254277
3.08E-04,0.05224207
3.09E-04,0.0519021
3.09E-04,0.0516013
3.10E-04,0.05126143
3.11E-04,0.05096053
3.11E-04,0.05062076
3.12E-04,0.05031976
3.13E-04,0.04998009
3.13E-04,0.04967899
3.14E-04,0.04933942
3.15E-04,0.04903822
3.15E-04,0.04869876
3.16E-04,0.04839745
3.17E-04,0.04805809
3.18E-04,0.04775667
3.18E-04,0.04741743
3.19E-04,0.04711589
3.20E-04,0.04677677
3.20E-04,0.04647511
3.21E-04,0.04613612
3.22E-04,0.0458343
3.22E-04,0.0454955
3.23E-04,0.04519347
3.24E-04,0.04485492
3.24E-04,0.04455258
3.25E-04,0.04421437
3.26E-04,0.04391311
3.27E-04,0.04362349
3.27E-04,0.04339242
3.28E-04,0.04311963
3.29E-04,0.04288653
3.29E-04,0.04261461
3.30E-04,0.04238101
3.31E-04,0.04210943
3.31E-04,0.04187557
3.32E-04,0.0416042
3.33E-04,0.04137017
3.33E-04,0.04109895
3.34E-04,0.04086478
3.35E-04,0.04059369
3.36E-04,0.04035939
3.36E-04,0.04008842
3.37E-04,0.03985402
3.38E-04,0.03958315
3.38E-04,0.03934864
3.39E-04,0.03907787
3.40E-04,0.03884327
3.40E-04,0.0385726
3.41E-04,0.0383379
3.42E-04,0.03806732
3.42E-04,0.03783253
3.43E-04,0.03756204
3.44E-04,0.03732716
3.44E-04,0.03705677
3.45E-04,0.03682178
3.46E-04,0.0365515
3.47E-04,0.0363164
3.47E-04,0.03604625
3.48E-04,0.03581096
3.49E-04,0.03554114
3.49E-04,0.03530503
3.50E-04,0.03504136
3.51E-04,0.03485491
3.51E-04,0.03464047
3.52E-04,0.0344596
3.53E-04,0.03424457
3.53E-04,0.03406384
3.54E-04,0.03384879
3.55E-04,0.03366803
3.56E-04,0.03345303
3.56E-04,0.03327221
3.57E-04,0.03305727
3.58E-04,0.03287639
3.58E-04,0.03266152
3.59E-04,0.03248057
3.60E-04,0.03226577
3.60E-04,0.03208475
3.61E-04,0.03187002
3.62E-04,0.03168893
3.62E-04,0.03147427
3.63E-04,0.03129311
3.64E-04,0.03107851
3.65E-04,0.03089729
3.65E-04,0.03068276
3.66E-04,0.03050147
3.67E-04,0.030287
3.67E-04,0.03010566
3.68E-04,0.02989124
3.69E-04,0.02970985
3.69E-04,0.02949548
3.70E-04,0.02931404
3.71E-04,0.02909971
3.71E-04,0.02891825
3.72E-04,0.02870392
3.73E-04,0.02852248
3.73E-04,0.0283081
3.74E-04,0.0281267
3.75E-04,0.02791343
3.76E-04,0.02776453
3.76E-04,0.02759693
3.77E-04,0.02745825
3.78E-04,0.0272895
3.78E-04,0.02715124
3.79E-04,0.0269823
3.80E-04,0.02684413
3.80E-04,0.02667515
3.81E-04,0.02653698
3.82E-04,0.02636803
3.82E-04,0.02622983
3.83E-04,0.02606091
3.84E-04,0.02592266
3.85E-04,0.0257538
3.85E-04,0.02561549
3.86E-04,0.02544669
3.87E-04,0.02530832
3.87E-04,0.02513959
3.88E-04,0.02500115
3.89E-04,0.02483249
3.89E-04,0.02469397
3.90E-04,0.02452538
3.91E-04,0.0243868
3.91E-04,0.02421828
3.92E-04,0.02407962
3.93E-04,0.02391119
3.93E-04,0.02377243
3.94E-04,0.02360409
3.95E-04,0.02346525
3.96E-04,0.02329701
3.96E-04,0.02315805
3.97E-04,0.02298993
3.98E-04,0.02285084
3.98E-04,0.02268289
3.99E-04,0.02254356
4.00E-04,0.022376
4.00E-04,0.02223579
4.01E-04,0.0220747
4.02E-04,0.02196922
4.02E-04,0.02183635
4.03E-04,0.02173252
4.04E-04,0.02159964
4.05E-04,0.02149571
4.05E-04,0.02136293
4.06E-04,0.02125891
4.07E-04,0.02112622
4.07E-04,0.0210221
4.08E-04,0.02088951
4.09E-04,0.0207853
4.09E-04,0.0206528
4.10E-04,0.0205485
4.11E-04,0.02041608
4.11E-04,0.02031171
4.12E-04,0.02017936
4.13E-04,0.02007491
4.14E-04,0.01994265
4.14E-04,0.01983811
4.15E-04,0.01970593
4.16E-04,0.01960132
4.16E-04,0.01946921
4.17E-04,0.01936452
4.18E-04,0.01923249
4.18E-04,0.01912773
4.19E-04,0.01899578
4.20E-04,0.01889093
4.20E-04,0.01875906
4.21E-04,0.01865414
4.22E-04,0.01852234
4.22E-04,0.01841735
4.23E-04,0.01828561
4.24E-04,0.01818056
4.25E-04,0.01804888
4.25E-04,0.01794379
4.26E-04,0.01781212
4.27E-04,0.01770709
4.27E-04,0.0175751
4.28E-04,0.01747324
4.29E-04,0.01736671
4.29E-04,0.01728934
4.30E-04,0.01718557
4.31E-04,0.01710782
4.31E-04,0.01700422
4.32E-04,0.01692635
4.33E-04,0.01682285
4.34E-04,0.01674488
4.34E-04,0.01664147
4.35E-04,0.01656342
4.36E-04,0.0164601
4.36E-04,0.01638197
4.37E-04,0.01627872
4.38E-04,0.01620051
4.38E-04,0.01609734
4.39E-04,0.01601905
4.40E-04,0.01591596
4.40E-04,0.01583759
4.41E-04,0.01573458
4.42E-04,0.01565613
4.43E-04,0.01555321
4.43E-04,0.01547467
4.44E-04,0.01537183
4.45E-04,0.01529321
4.45E-04,0.01519046
4.46E-04,0.01511174
4.47E-04,0.01500908
4.47E-04,0.01493028
4.48E-04,0.01482771
4.49E-04,0.01474881
4.49E-04,0.01464634
4.50E-04,0.01456734
4.51E-04,0.01446498
4.51E-04,0.01438586
4.52E-04,0.01428363
4.53E-04,0.01420436
4.54E-04,0.01410232
4.54E-04,0.01402279
4.55E-04,0.01392114
4.56E-04,0.01384086
4.56E-04,0.01374871
4.57E-04,0.01369211
4.58E-04,0.01361097
4.58E-04,0.01355373
4.59E-04,0.01347295
4.60E-04,0.01341547
4.60E-04,0.01333487
4.61E-04,0.01327724
4.62E-04,0.01319678
4.63E-04,0.01313903
4.63E-04,0.01305867
4.64E-04,0.01300082
4.65E-04,0.01292057
4.65E-04,0.01286261
4.66E-04,0.01278245
4.67E-04,0.01272441
4.67E-04,0.01264434
4.68E-04,0.01258621
4.69E-04,0.01250623
4.69E-04,0.012448
4.70E-04,0.01236811
4.71E-04,0.0123098
4.72E-04,0.01223
4.72E-04,0.0121716
4.73E-04,0.01209188
4.74E-04,0.0120334
4.74E-04,0.01195377
4.75E-04,0.0118952
4.76E-04,0.01181566
4.76E-04,0.011757
4.77E-04,0.01167754
4.78E-04,0.01161879
4.78E-04,0.01153943
4.79E-04,0.01148058
4.80E-04,0.01140133
4.80E-04,0.01134237
4.81E-04,0.01126324
4.82E-04,0.01120414
4.83E-04,0.01112517
4.83E-04,0.01106586
4.84E-04,0.01098721
4.85E-04,0.01092729
4.85E-04,0.01085587
4.86E-04,0.0108142
4.87E-04,0.0107514
4.87E-04,0.01070923
4.88E-04,0.01064673
4.89E-04,0.01060436
4.89E-04,0.01054202
4.90E-04,0.01049951
4.91E-04,0.01043729
4.92E-04,0.01039467
4.92E-04,0.01033255
4.93E-04,0.01028984
4.94E-04,0.01022781
4.94E-04,0.01018501
4.95E-04,0.01012307
4.96E-04,0.01008018
4.96E-04,0.01001833
4.97E-04,0.00997536
4.98E-04,0.00991358
4.98E-04,0.00987053
4.99E-04,0.00980884
5.00E-04,0.0097657
5.01E-04,0.00970409
5.01E-04,0.00966088
5.02E-04,0.00959935
5.03E-04,0.00955606
5.03E-04,0.0094946
5.04E-04,0.00945123
5.05E-04,0.00938986
5.05E-04,0.00934641
5.06E-04,0.00928511
5.07E-04,0.00924159
5.07E-04,0.00918036
5.08E-04,0.00913676
5.09E-04,0.00907561
5.09E-04,0.00903194
5.10E-04,0.00897086
5.11E-04,0.00892712
5.12E-04,0.00886611
5.12E-04,0.00882231
5.13E-04,0.00876135
5.14E-04,0.00871752
5.14E-04,0.00865648
5.15E-04,0.00861392
5.16E-04,0.00856449
5.16E-04,0.00853345
5.17E-04,0.00848548
5.18E-04,0.0084542
5.18E-04,0.00840637
5.19E-04,0.00837499
5.20E-04,0.00832725
5.21E-04,0.00829578
5.21E-04,0.00824812
5.22E-04,0.00821657
5.23E-04,0.00816899
5.23E-04,0.00813737
5.24E-04,0.00808986
5.25E-04,0.00805816
5.25E-04,0.00801073
5.26E-04,0.00797896
5.27E-04,0.0079316
5.27E-04,0.00789975
5.28E-04,0.00785247
5.29E-04,0.00782055
5.29E-04,0.00777334
5.30E-04,0.00774134
5.31E-04,0.00769421
5.32E-04,0.00766214
5.32E-04,0.00761508
5.33E-04,0.00758293
5.34E-04,0.00753594
5.34E-04,0.00750373
5.35E-04,0.00745681
5.36E-04,0.00742452
5.36E-04,0.00737768
5.37E-04,0.00734531
5.38E-04,0.00729855
5.38E-04,0.00726611
5.39E-04,0.00721943
5.40E-04,0.0071869
5.41E-04,0.0071403
5.41E-04,0.00710769
5.42E-04,0.00706117
5.43E-04,0.00702848
5.43E-04,0.00698205
5.44E-04,0.00694925
5.45E-04,0.00690297
5.45E-04,0.0068699
5.46E-04,0.00682524
5.47E-04,0.00680154
5.47E-04,0.0067651
5.48E-04,0.00674197
5.49E-04,0.00670555
5.50E-04,0.00668236
5.50E-04,0.00664601
5.51E-04,0.00662274
5.52E-04,0.00658646
5.52E-04,0.00656312
5.53E-04,0.00652692
5.54E-04,0.0065035
5.54E-04,0.00646737
5.55E-04,0.00644388
5.56E-04,0.00640783
5.56E-04,0.00638427
5.57E-04,0.00634828
5.58E-04,0.00632465
5.58E-04,0.00628874
5.59E-04,0.00626503
5.60E-04,0.00622919
5.61E-04,0.00620541
5.61E-04,0.00616965
5.62E-04,0.0061458
5.63E-04,0.0061101
5.63E-04,0.00608618
5.64E-04,0.00605056
5.65E-04,0.00602656
5.65E-04,0.00599101
5.66E-04,0.00596695
5.67E-04,0.00593146
5.67E-04,0.00590733
5.68E-04,0.00587192
5.69E-04,0.00584772
5.70E-04,0.00581237
5.70E-04,0.0057881
5.71E-04,0.00575282
5.72E-04,0.00572849
5.72E-04,0.00569327
5.73E-04,0.00566888
5.74E-04,0.00563372
5.74E-04,0.00560927
5.75E-04,0.00557417
5.76E-04,0.00554966
5.76E-04,0.0055146
5.77E-04,0.00549007
5.78E-04,0.00545514
5.79E-04,0.00543551
5.79E-04,0.00540827
5.80E-04,0.00539055
5.81E-04,0.00536317
5.81E-04,0.00534547
5.82E-04,0.0053181
5.83E-04,0.00530037
5.83E-04,0.00527305
5.84E-04,0.00525526
5.85E-04,0.005228
5.85E-04,0.00521015
5.86E-04,0.00518295
5.87E-04,0.00516504
5.87E-04,0.0051379
5.88E-04,0.00511992
5.89E-04,0.00509286
5.90E-04,0.00507481
5.90E-04,0.00504781
5.91E-04,0.0050297
5.92E-04,0.00500277
5.92E-04,0.00498458
5.93E-04,0.00495772
5.94E-04,0.00493947
5.94E-04,0.00491267
5.95E-04,0.00489436
5.96E-04,0.00486763
5.96E-04,0.00484924
5.97E-04,0.00482258
5.98E-04,0.00480413
5.99E-04,0.00477754
5.99E-04,0.00475902
6.00E-04,0.00473249
6.01E-04,0.0047139
6.01E-04,0.00468744
6.02E-04,0.00466879
6.03E-04,0.0046424
6.03E-04,0.00462368
6.04E-04,0.00459735
6.05E-04,0.00457856
6.05E-04,0.0045523
6.06E-04,0.00453345
6.07E-04,0.00450726
6.08E-04,0.00448833
6.08E-04,0.00446221
6.09E-04,0.00444322
6.10E-04,0.00441717
6.10E-04,0.00439807
6.11E-04,0.00437252
6.12E-04,0.00435809
6.12E-04,0.00433787
6.13E-04,0.00432417
6.14E-04,0.00430392
6.14E-04,0.00429018
6.15E-04,0.00426998
6.16E-04,0.00425619
6.16E-04,0.00423604
6.17E-04,0.00422219
6.18E-04,0.00420211
6.19E-04,0.00418819
6.19E-04,0.00416818
6.20E-04,0.0041542
6.21E-04,0.00413425
6.21E-04,0.0041202
6.22E-04,0.00410031
6.23E-04,0.0040862
6.23E-04,0.00406638
6.24E-04,0.0040522
6.25E-04,0.00403245
6.25E-04,0.00401821
6.26E-04,0.00399852
6.27E-04,0.00398421
6.28E-04,0.00396459
6.28E-04,0.00395021
6.29E-04,0.00393065
6.30E-04,0.00391621
6.30E-04,0.00389672
6.31E-04,0.00388221
6.32E-04,0.00386279
6.32E-04,0.00384822
6.33E-04,0.00382886
6.34E-04,0.00381422
6.34E-04,0.00379493
6.35E-04,0.00378022
6.36E-04,0.00376099
6.36E-04,0.00374622
6.37E-04,0.00372706
6.38E-04,0.00371222
6.39E-04,0.00369313
6.39E-04,0.00367822
6.40E-04,0.0036592
6.41E-04,0.00364422
6.41E-04,0.00362527
6.42E-04,0.00361022
6.43E-04,0.00359135
6.43E-04,0.00357621
6.44E-04,0.00355744
6.45E-04,0.00354221
6.45E-04,0.00352616
6.46E-04,0.00351531
6.47E-04,0.00350062
6.48E-04,0.00348958
6.48E-04,0.003475
6.49E-04,0.00346387
6.50E-04,0.00344938
6.50E-04,0.00343816
6.51E-04,0.00342375
6.52E-04,0.00341246
6.52E-04,0.00339811
6.53E-04,0.00338676
6.54E-04,0.00337248
6.54E-04,0.00336107
6.55E-04,0.00334685
6.56E-04,0.00333537
6.57E-04,0.00332121
6.57E-04,0.00330967
6.58E-04,0.00329558
6.59E-04,0.00328397
6.59E-04,0.00326995
6.60E-04,0.00325827
6.61E-04,0.00324431
6.61E-04,0.00323258
6.62E-04,0.00321868
6.63E-04,0.00320688
6.63E-04,0.00319304
6.64E-04,0.00318118
6.65E-04,0.00316741
6.65E-04,0.00315549
6.66E-04,0.00314177
6.67E-04,0.00312979
6.68E-04,0.00311614
6.68E-04,0.00310409
6.69E-04,0.0030905
6.70E-04,0.0030784
6.70E-04,0.00306486
6.71E-04,0.0030527
6.72E-04,0.00303923
6.72E-04,0.003027
6.73E-04,0.00301359
6.74E-04,0.00300131
6.74E-04,0.00298796
6.75E-04,0.00297561
6.76E-04,0.00296232
6.77E-04,0.00294991
6.77E-04,0.00293669
6.78E-04,0.00292421
6.79E-04,0.00291106
6.79E-04,0.00289849
6.80E-04,0.00288569
6.81E-04,0.00287573
6.81E-04,0.00286572
6.82E-04,0.00285604
6.83E-04,0.00284605
6.83E-04,0.00283632
6.84E-04,0.00282638
6.85E-04,0.0028166
6.86E-04,0.00280672
6.86E-04,0.00279688
6.87E-04,0.00278706
6.88E-04,0.00277716
6.88E-04,0.00276739
6.89E-04,0.00275744
6.90E-04,0.00274773
6.90E-04,0.00273772
6.91E-04,0.00272807
6.92E-04,0.002718
6.92E-04,0.0027084
6.93E-04,0.00269828
6.94E-04,0.00268874
6.94E-04,0.00267855
6.95E-04,0.00266908
6.96E-04,0.00265883
6.97E-04,0.00264941
6.97E-04,0.00263911
6.98E-04,0.00262975
6.99E-04,0.00261939
6.99E-04,0.00261008
7.00E-04,0.00259967
7.01E-04,0.00259042
7.01E-04,0.00257995
7.02E-04,0.00257075
7.03E-04,0.00256023
7.03E-04,0.00255109
7.04E-04,0.00254051
7.05E-04,0.00253143
7.06E-04,0.00252079
7.06E-04,0.00251176
7.07E-04,0.00250107
7.08E-04,0.0024921
7.08E-04,0.00248135
7.09E-04,0.00247243
7.10E-04,0.00246163
7.10E-04,0.00245277
7.11E-04,0.00244191
7.12E-04,0.0024331
7.12E-04,0.00242219
7.13E-04,0.00241343
7.14E-04,0.00240247
7.15E-04,0.00239377
7.15E-04,0.00238275
7.16E-04,0.00237419
7.17E-04,0.00236491
7.17E-04,0.00235874
7.18E-04,0.00234988
7.19E-04,0.0023437
7.19E-04,0.00233481
7.20E-04,0.00232867
7.21E-04,0.00231974
7.21E-04,0.00231365
7.22E-04,0.00230466
7.23E-04,0.00229862
7.23E-04,0.00228959
7.24E-04,0.0022836
7.25E-04,0.00227451
7.26E-04,0.00226858
7.26E-04,0.00225943
7.27E-04,0.00225355
7.28E-04,0.00224436
7.28E-04,0.00223853
7.29E-04,0.00222928
7.30E-04,0.0022235
7.30E-04,0.00221421
7.31E-04,0.00220848
7.32E-04,0.00219913
7.32E-04,0.00219346
7.33E-04,0.00218406
7.34E-04,0.00217843
7.35E-04,0.00216898
7.35E-04,0.00216341
7.36E-04,0.00215391
7.37E-04,0.00214838
7.37E-04,0.00213883
7.38E-04,0.00213336
7.39E-04,0.00212376
7.39E-04,0.00211834
7.40E-04,0.00210868
7.41E-04,0.00210331
7.41E-04,0.0020936
7.42E-04,0.00208829
7.43E-04,0.00207853
7.44E-04,0.00207326
7.44E-04,0.00206345
7.45E-04,0.00205824
7.46E-04,0.00204838
7.46E-04,0.00204321
7.47E-04,0.0020333
7.48E-04,0.00202819
7.48E-04,0.00201823
7.49E-04,0.00201317
7.50E-04,0.00200315
7.50E-04,0.00199815
7.51E-04,0.00198807
7.52E-04,0.00198313
7.52E-04,0.00197296
7.53E-04,0.00196851
7.54E-04,0.00196003
7.55E-04,0.00195681
7.55E-04,0.00194831
7.56E-04,0.00194515
7.57E-04,0.0019366
7.57E-04,0.00193348
7.58E-04,0.00192488
7.59E-04,0.00192181
7.59E-04,0.00191316
7.60E-04,0.00191014
7.61E-04,0.00190144
7.61E-04,0.00189848
7.62E-04,0.00188973
7.63E-04,0.00188681
7.64E-04,0.00187801
7.64E-04,0.00187514
7.65E-04,0.0018663
7.66E-04,0.00186347
7.66E-04,0.00185458
7.67E-04,0.0018518
7.68E-04,0.00184286
7.68E-04,0.00184013
7.69E-04,0.00183115
7.70E-04,0.00182846
7.70E-04,0.00181943
7.71E-04,0.00181679
7.72E-04,0.00180772
7.72E-04,0.00180512
7.73E-04,0.001796
7.74E-04,0.00179345
7.75E-04,0.00178429
7.75E-04,0.00178178
7.76E-04,0.00177257
7.77E-04,0.00177011
7.77E-04,0.00176086
7.78E-04,0.00175844
7.79E-04,0.00174915
7.79E-04,0.00174677
7.80E-04,0.00173743
7.81E-04,0.0017351
7.81E-04,0.00172572
7.82E-04,0.00172343
7.83E-04,0.001714
7.84E-04,0.00171176
7.84E-04,0.00170229
7.85E-04,0.00170009
7.86E-04,0.00169058
7.86E-04,0.00168842
7.87E-04,0.00167886
7.88E-04,0.00167674
7.88E-04,0.00166715
7.89E-04,0.00166507
7.90E-04,0.00165545
7.90E-04,0.00165337
7.91E-04,0.00164399
7.92E-04,0.00164324
7.93E-04,0.00163475
7.93E-04,0.00163407
7.94E-04,0.00162554
7.95E-04,0.0016249
7.95E-04,0.00161633
7.96E-04,0.00161573
7.97E-04,0.00160712
7.97E-04,0.00160656
7.98E-04,0.00159791
7.99E-04,0.00159739
7.99E-04,0.0015887
8.00E-04,0.00158822
8.01E-04,0.00157949
8.01E-04,0.00157905
8.02E-04,0.00157028
8.03E-04,0.00156988
8.04E-04,0.00156107
8.04E-04,0.00156071
8.05E-04,0.00155186
8.06E-04,0.00155154
8.06E-04,0.00154265
8.07E-04,0.00154237
8.08E-04,0.00153344
8.08E-04,0.0015332
8.09E-04,0.00152423
8.10E-04,0.00152402
8.10E-04,0.00151502
8.11E-04,0.00151485
8.12E-04,0.00150581
8.13E-04,0.00150568
8.13E-04,0.0014966
8.14E-04,0.00149651
8.15E-04,0.00148739
8.15E-04,0.00148734
8.16E-04,0.00147819
8.17E-04,0.00147817
8.17E-04,0.00146898
8.18E-04,0.001469
8.19E-04,0.00145977
8.19E-04,0.00145983
8.20E-04,0.00145056
8.21E-04,0.00145066
8.22E-04,0.00144135
8.22E-04,0.00144148
8.23E-04,0.00143214
8.24E-04,0.00143231
8.24E-04,0.00142293
8.25E-04,0.00142314
8.26E-04,0.00141373
8.26E-04,0.00141397
8.27E-04,0.00140452
8.28E-04,0.0014048
8.28E-04,0.00139531
8.29E-04,0.00139563
8.30E-04,0.0013861
8.30E-04,0.00138707
8.31E-04,0.00137849
8.32E-04,0.00137977
8.33E-04,0.00137113
8.33E-04,0.00137245
8.34E-04,0.00136377
8.35E-04,0.00136514
8.35E-04,0.00135642
8.36E-04,0.00135782
8.37E-04,0.00134906
8.37E-04,0.0013505
8.38E-04,0.00134171
8.39E-04,0.00134318
8.39E-04,0.00133436
8.40E-04,0.00133586
8.41E-04,0.001327
8.42E-04,0.00132854
8.42E-04,0.00131965
8.43E-04,0.00132122
8.44E-04,0.0013123
8.44E-04,0.0013139
8.45E-04,0.00130494
8.46E-04,0.00130658
8.46E-04,0.00129759
8.47E-04,0.00129926
8.48E-04,0.00129024
8.48E-04,0.00129193
8.49E-04,0.00128289
8.50E-04,0.00128461
8.51E-04,0.00127553
8.51E-04,0.00127729
8.52E-04,0.00126818
8.53E-04,0.00126997
8.53E-04,0.00126083
8.54E-04,0.00126265
8.55E-04,0.00125348
8.55E-04,0.00125533
8.56E-04,0.00124612
8.57E-04,0.00124801
8.57E-04,0.00123877
8.58E-04,0.00124068
8.59E-04,0.00123142
8.59E-04,0.00123336
8.60E-04,0.00122407
8.61E-04,0.00122604
8.62E-04,0.00121672
8.62E-04,0.00121872
8.63E-04,0.00120937
8.64E-04,0.00121139
8.64E-04,0.00120201
8.65E-04,0.00120407
8.66E-04,0.00119466
8.66E-04,0.00119675
8.67E-04,0.00118731
8.68E-04,0.00118943
8.68E-04,0.00117996
8.69E-04,0.00118211
8.70E-04,0.00117262
8.71E-04,0.00117529
8.71E-04,0.00116651
8.72E-04,0.00116938
8.73E-04,0.00116055
8.73E-04,0.00116346
8.74E-04,0.0011546
8.75E-04,0.00115754
8.75E-04,0.00114866
8.76E-04,0.00115162
8.77E-04,0.00114271
8.77E-04,0.0011457
8.78E-04,0.00113676
8.79E-04,0.00113978
8.79E-04,0.00113081
8.80E-04,0.00113386
8.81E-04,0.00112487
8.82E-04,0.00112794
8.82E-04,0.00111892
8.83E-04,0.00112201
8.84E-04,0.00111297
8.84E-04,0.00111609
8.85E-04,0.00110702
8.86E-04,0.00111017
8.86E-04,0.00110108
8.87E-04,0.00110425
8.88E-04,0.00109513
8.88E-04,0.00109832
8.89E-04,0.00108918
8.90E-04,0.0010924
8.91E-04,0.00108324
8.91E-04,0.00108648
8.92E-04,0.00107729
8.93E-04,0.00108055
8.93E-04,0.00107135
8.94E-04,0.00107463
8.95E-04,0.0010654
8.95E-04,0.00106871
8.96E-04,0.00105945
8.97E-04,0.00106278
8.97E-04,0.00105351
8.98E-04,0.00105686
8.99E-04,0.00104756
9.00E-04,0.00105094
9.00E-04,0.00104162
9.01E-04,0.00104501
9.02E-04,0.00103567
9.02E-04,0.00103909
9.03E-04,0.00102973
9.04E-04,0.00103316
9.04E-04,0.00102378
9.05E-04,0.00102724
9.06E-04,0.00101784
9.06E-04,0.00102131
9.07E-04,0.0010119
9.08E-04,0.00101539
9.08E-04,0.00100595
9.09E-04,0.00100946
9.10E-04,0.00100001
9.11E-04,0.00100352
9.11E-04,0.00099424
9.12E-04,0.00099834
9.13E-04,0.00098935
9.13E-04,0.00099346
9.14E-04,0.00098446
9.15E-04,0.00098858
9.15E-04,0.00097956
9.16E-04,0.0009837
9.17E-04,0.00097466
9.17E-04,0.00097882
9.18E-04,0.00096977
9.19E-04,0.00097394
9.20E-04,0.00096487
9.20E-04,0.00096906
9.21E-04,0.00095998
9.22E-04,0.00096418
9.22E-04,0.00095508
9.23E-04,0.0009593
9.24E-04,0.00095018
9.24E-04,0.00095443
9.25E-04,0.00094529
9.26E-04,0.00094955
9.26E-04,0.00094039
9.27E-04,0.00094467
9.28E-04,0.0009355
9.29E-04,0.00093979
9.29E-04,0.0009306
9.30E-04,0.00093491
9.31E-04,0.00092571
9.31E-04,0.00093003
9.32E-04,0.00092081
9.33E-04,0.00092515
9.33E-04,0.00091592
9.34E-04,0.00092027
9.35E-04,0.00091102
9.35E-04,0.00091539
9.36E-04,0.00090613
9.37E-04,0.00091051
9.37E-04,0.00090123
9.38E-04,0.00090562
9.39E-04,0.00089634
9.40E-04,0.00090074
9.40E-04,0.00089144
9.41E-04,0.00089586
9.42E-04,0.00088655
9.42E-04,0.00089098
9.43E-04,0.00088165
9.44E-04,0.0008861
9.44E-04,0.00087676
9.45E-04,0.00088122
9.46E-04,0.00087187
9.46E-04,0.00087634
9.47E-04,0.00086697
9.48E-04,0.00087146
9.49E-04,0.00086208
9.49E-04,0.00086658
9.50E-04,0.00085718
9.51E-04,0.00086169
9.51E-04,0.00085229
9.52E-04,0.00085682
9.53E-04,0.00084739
9.53E-04,0.00085214
9.54E-04,0.00084317
9.55E-04,0.00084811
9.55E-04,0.00083912
9.56E-04,0.00084408
9.57E-04,0.00083507
9.58E-04,0.00084005
9.58E-04,0.00083103
9.59E-04,0.00083602
9.60E-04,0.00082699
9.60E-04,0.00083198
9.61E-04,0.00082294
9.62E-04,0.00082795
9.62E-04,0.0008189
9.63E-04,0.00082392
9.64E-04,0.00081486
9.64E-04,0.00081988
9.65E-04,0.00081081
9.66E-04,0.00081585
9.66E-04,0.00080677
9.67E-04,0.00081181
9.68E-04,0.00080273
9.69E-04,0.00080778
9.69E-04,0.00079869
9.70E-04,0.00080375
9.71E-04,0.00079464
9.71E-04,0.00079971
9.72E-04,0.0007906
9.73E-04,0.00079568
9.73E-04,0.00078656
9.74E-04,0.00079164
9.75E-04,0.00078252
9.75E-04,0.00078761
9.76E-04,0.00077848
9.77E-04,0.00078357
9.78E-04,0.00077444
9.78E-04,0.00077954
9.79E-04,0.00077039
9.80E-04,0.0007755
9.80E-04,0.00076635
9.81E-04,0.00077146
9.82E-04,0.00076231
9.82E-04,0.00076743
9.83E-04,0.00075827
9.84E-04,0.00076339
9.84E-04,0.00075423
9.85E-04,0.00075936
9.86E-04,0.00075019
9.87E-04,0.00075532
9.87E-04,0.00074615
9.88E-04,0.00075128
9.89E-04,0.00074211
9.89E-04,0.00074725
9.90E-04,0.00073807
9.91E-04,0.00074321
9.91E-04,0.00073403
9.92E-04,0.00073918
9.93E-04,0.00072999
9.93E-04,0.00073514
9.94E-04,0.00072595
9.95E-04,0.0007311
9.95E-04,0.0007219
9.96E-04,0.00072713
9.97E-04,0.00071821
9.98E-04,0.00072363
9.98E-04,0.00071471
9.99E-04,0.00072014
1.00E-03,0.00071121
1.00E-03,0.00071664
1.00E-03,0.00070771
1.00E-03,0.00071314
1.00E-03,0.00070421
1.00E-03,0.00070965
1.00E-03,0.00070072
1.00E-03,0.00070615
1.01E-03,0.00069722
1.01E-03,0.00070265
1.01E-03,0.00069372
1.01E-03,0.00069915
1.01E-03,0.00069022
1.01E-03,0.00069566
1.01E-03,0.00068673
1.01E-03,0.00069216
1.01E-03,0.00068323
1.01E-03,0.00068866
1.01E-03,0.00067973
1.01E-03,0.00068516
1.01E-03,0.00067623
1.01E-03,0.00068167
1.01E-03,0.00067274
1.02E-03,0.00067817
1.02E-03,0.00066924
1.02E-03,0.00067467
1.02E-03,0.00066574
1.02E-03,0.00067117
1.02E-03,0.00066225
1.02E-03,0.00066767
1.02E-03,0.00065875
1.02E-03,0.00066417
1.02E-03,0.00065525
1.02E-03,0.00066068
1.02E-03,0.00065176
1.02E-03,0.00065718
1.02E-03,0.00064826
1.03E-03,0.00065368
1.03E-03,0.00064477
1.03E-03,0.00065018
1.03E-03,0.00064127
1.03E-03,0.00064668
1.03E-03,0.00063777
1.03E-03,0.00064318
1.03E-03,0.00063428
1.03E-03,0.00063968
1.03E-03,0.00063078
1.03E-03,0.00063618
1.03E-03,0.00062729
1.03E-03,0.00063268
1.03E-03,0.00062379
1.03E-03,0.00062918
1.04E-03,0.0006203
1.04E-03,0.00062568
1.04E-03,0.0006168
1.04E-03,0.00062218
1.04E-03,0.00061331
1.04E-03,0.00061868
1.04E-03,0.00060981
1.04E-03,0.0006153
1.04E-03,0.00060671
1.04E-03,0.00061231
1.04E-03,0.00060371
1.04E-03,0.00060932
1.04E-03,0.00060072
1.04E-03,0.00060632
1.05E-03,0.00059774
1.05E-03,0.00060333
1.05E-03,0.00059475
1.05E-03,0.00060033
1.05E-03,0.00059176
1.05E-03,0.00059734
1.05E-03,0.00058877
1.05E-03,0.00059434
1.05E-03,0.00058578
1.05E-03,0.00059134
1.05E-03,0.00058279
1.05E-03,0.00058835
1.05E-03,0.00057981
1.05E-03,0.00058535
1.05E-03,0.00057682
1.06E-03,0.00058236
1.06E-03,0.00057383
1.06E-03,0.00057936
1.06E-03,0.00057084
1.06E-03,0.00057636
1.06E-03,0.00056786
1.06E-03,0.00057337
1.06E-03,0.00056487
1.06E-03,0.00057037
1.06E-03,0.00056188
1.06E-03,0.00056737
1.06E-03,0.0005589
1.06E-03,0.00056438
1.06E-03,0.00055591
1.07E-03,0.00056138
1.07E-03,0.00055292
1.07E-03,0.00055838
1.07E-03,0.00054994
1.07E-03,0.00055538
1.07E-03,0.00054695
1.07E-03,0.00055239
1.07E-03,0.00054396
1.07E-03,0.00054939
1.07E-03,0.00054098
1.07E-03,0.00054639
1.07E-03,0.00053799
1.07E-03,0.00054339
1.07E-03,0.00053501
1.07E-03,0.0005404
1.08E-03,0.00053202
1.08E-03,0.0005374
1.08E-03,0.00052903
1.08E-03,0.0005344
1.08E-03,0.00052605
1.08E-03,0.0005314
1.08E-03,0.00052306
1.08E-03,0.0005284
1.08E-03,0.00052008
1.08E-03,0.0005254
1.08E-03,0.00051709
1.08E-03,0.0005224
1.08E-03,0.00051411
1.08E-03,0.0005194
1.09E-03,0.00051118
1.09E-03,0.00051667
1.09E-03,0.00050859
1.09E-03,0.00051406
1.09E-03,0.00050599
1.09E-03,0.00051145
1.09E-03,0.0005034
1.09E-03,0.00050884
1.09E-03,0.00050081
1.09E-03,0.00050623
1.09E-03,0.00049821
1.09E-03,0.00050362
1.09E-03,0.00049562
1.09E-03,0.00050102
1.09E-03,0.00049303
1.10E-03,0.00049841
1.10E-03,0.00049043
1.10E-03,0.0004958
1.10E-03,0.00048784
1.10E-03,0.00049319
1.10E-03,0.00048524
1.10E-03,0.00049058
1.10E-03,0.00048265
1.10E-03,0.00048797
1.10E-03,0.00048006
1.10E-03,0.00048536
1.10E-03,0.00047747
1.10E-03,0.00048275
1.10E-03,0.00047487
1.11E-03,0.00048014
1.11E-03,0.00047228
1.11E-03,0.00047753
1.11E-03,0.00046969
1.11E-03,0.00047492
1.11E-03,0.00046709
1.11E-03,0.00047231
1.11E-03,0.0004645
1.11E-03,0.0004697
1.11E-03,0.00046191
1.11E-03,0.00046709
1.11E-03,0.00045932
1.11E-03,0.00046448
1.11E-03,0.00045672
1.11E-03,0.00046187
1.12E-03,0.00045413
1.12E-03,0.00045925
1.12E-03,0.00045154
1.12E-03,0.00045664
1.12E-03,0.00044895
1.12E-03,0.00045403
1.12E-03,0.00044636
1.12E-03,0.00045142
1.12E-03,0.00044377
1.12E-03,0.00044881
1.12E-03,0.00044117
1.12E-03,0.0004462
1.12E-03,0.00043858
1.12E-03,0.00044359
1.13E-03,0.00043599
1.13E-03,0.00044098
1.13E-03,0.0004334
1.13E-03,0.00043836
1.13E-03,0.00043081
1.13E-03,0.00043575
1.13E-03,0.00042822
1.13E-03,0.00043314
1.13E-03,0.00042563
1.13E-03,0.0004306
1.13E-03,0.00042323
1.13E-03,0.00042822
1.13E-03,0.00042086
1.13E-03,0.00042583
1.13E-03,0.00041849
1.14E-03,0.00042344
1.14E-03,0.00041613
1.14E-03,0.00042105
1.14E-03,0.00041376
1.14E-03,0.00041866
1.14E-03,0.00041139
1.14E-03,0.00041628
1.14E-03,0.00040903
1.14E-03,0.00041389
1.14E-03,0.00040666
1.14E-03,0.0004115
1.14E-03,0.0004043
1.14E-03,0.00040911
1.14E-03,0.00040193
1.15E-03,0.00040672
1.15E-03,0.00039957
1.15E-03,0.00040433
1.15E-03,0.0003972
1.15E-03,0.00040194
1.15E-03,0.00039483
1.15E-03,0.00039955
1.15E-03,0.00039247
1.15E-03,0.00039716
1.15E-03,0.0003901
1.15E-03,0.00039477
1.15E-03,0.00038774
1.15E-03,0.00039238
1.15E-03,0.00038537
1.15E-03,0.00039
1.16E-03,0.00038301
1.16E-03,0.00038761
1.16E-03,0.00038064
1.16E-03,0.00038522
1.16E-03,0.00037828
1.16E-03,0.00038283
1.16E-03,0.00037591
1.16E-03,0.00038044
1.16E-03,0.00037355
1.16E-03,0.00037805
1.16E-03,0.00037119
1.16E-03,0.00037566
1.16E-03,0.00036882
1.16E-03,0.00037327
1.17E-03,0.00036646
1.17E-03,0.00037088
1.17E-03,0.00036409
1.17E-03,0.00036849
1.17E-03,0.00036173
1.17E-03,0.00036609
1.17E-03,0.00035936
1.17E-03,0.0003637
1.17E-03,0.000357
1.17E-03,0.00036131
1.17E-03,0.00035464
1.17E-03,0.00035892
1.17E-03,0.00035227
1.17E-03,0.00035653
1.17E-03,0.00034991
1.18E-03,0.00035414
1.18E-03,0.00034754
1.18E-03,0.00035175
1.18E-03,0.00034518
1.18E-03,0.00034943
1.18E-03,0.00034303
1.18E-03,0.0003473
1.18E-03,0.00034092
1.18E-03,0.00034517
1.18E-03,0.00033882
1.18E-03,0.00034304
1.18E-03,0.00033671
1.18E-03,0.0003409
1.18E-03,0.00033461
1.19E-03,0.00033877
1.19E-03,0.0003325
1.19E-03,0.00033664
1.19E-03,0.0003304
1.19E-03,0.0003345
1.19E-03,0.00032829
1.19E-03,0.00033237
1.19E-03,0.00032619
1.19E-03,0.00033023
1.19E-03,0.00032408
1.19E-03,0.0003281
1.19E-03,0.00032198
1.19E-03,0.00032597
1.19E-03,0.00031987
1.19E-03,0.00032383
1.20E-03,0.00031777
1.20E-03,0.0003217
1.20E-03,0.00031566
1.20E-03,0.00031956
1.20E-03,0.00031356
1.20E-03,0.00031743
1.20E-03,0.00031146
1.20E-03,0.00031529
1.20E-03,0.00030935
1.20E-03,0.00031316
1.20E-03,0.00030725
1.20E-03,0.00031103
1.20E-03,0.00030514
1.20E-03,0.00030889
1.21E-03,0.00030304
1.21E-03,0.00030676
1.21E-03,0.00030094
1.21E-03,0.00030462
1.21E-03,0.00029883
1.21E-03,0.00030249
1.21E-03,0.00029673
1.21E-03,0.00030035
1.21E-03,0.00029463
1.21E-03,0.00029822
1.21E-03,0.00029252
1.21E-03,0.00029608
1.21E-03,0.00029042
1.21E-03,0.00029395
1.22E-03,0.00028832
1.22E-03,0.00029181
1.22E-03,0.00028621
1.22E-03,0.00028967
1.22E-03,0.00028411
1.22E-03,0.00028754
1.22E-03,0.00028201
1.22E-03,0.0002854
1.22E-03,0.0002799
1.22E-03,0.00028327
1.22E-03,0.0002778
1.22E-03,0.00028113
1.22E-03,0.0002757
1.22E-03,0.000279
1.22E-03,0.0002736
1.23E-03,0.00027686
1.23E-03,0.0002715
1.23E-03,0.0002748
1.23E-03,0.00026953
1.23E-03,0.0002728
1.23E-03,0.00026757
1.23E-03,0.0002708
1.23E-03,0.0002656
1.23E-03,0.0002688
1.23E-03,0.00026364
1.23E-03,0.0002668
1.23E-03,0.00026167
1.23E-03,0.00026481
1.23E-03,0.00025971
1.24E-03,0.00026281
1.24E-03,0.00025774
1.24E-03,0.00026081
1.24E-03,0.00025578
1.24E-03,0.00025881
1.24E-03,0.00025381
1.24E-03,0.00025681
1.24E-03,0.00025185
1.24E-03,0.00025481
1.24E-03,0.00024988
1.24E-03,0.00025281
1.24E-03,0.00024792
1.24E-03,0.00025081
1.24E-03,0.00024596
1.24E-03,0.00024881
1.25E-03,0.00024399
1.25E-03,0.00024681
1.25E-03,0.00024203
1.25E-03,0.00024481
1.25E-03,0.00024006
1.25E-03,0.00024282
1.25E-03,0.0002381
1.25E-03,0.00024082
1.25E-03,0.00023613
1.25E-03,0.00023882
1.25E-03,0.00023417
1.25E-03,0.00023682
1.25E-03,0.00023221
1.25E-03,0.00023482
1.26E-03,0.00023024
1.26E-03,0.00023282
1.26E-03,0.00022828
1.26E-03,0.00023082
1.26E-03,0.00022631
1.26E-03,0.00022882
1.26E-03,0.00022435
1.26E-03,0.00022682
1.26E-03,0.00022239
1.26E-03,0.00022482
1.26E-03,0.00022042
1.26E-03,0.00022282
1.26E-03,0.00021846
1.26E-03,0.00022082
1.26E-03,0.0002165
1.27E-03,0.00021882
1.27E-03,0.00021453
1.27E-03,0.00021682
1.27E-03,0.00021257
1.27E-03,0.00021482
1.27E-03,0.00021061
1.27E-03,0.00021282
1.27E-03,0.00020864
1.27E-03,0.00021082
1.27E-03,0.00020668
1.27E-03,0.00020882
1.27E-03,0.00020472
1.27E-03,0.00020682
1.27E-03,0.00020275
1.28E-03,0.00020483
1.28E-03,0.00020087
1.28E-03,0.00020296
1.28E-03,0.00019905
1.28E-03,0.0002011
1.28E-03,0.00019722
1.28E-03,0.00019924
1.28E-03,0.0001954
1.28E-03,0.00019738
1.28E-03,0.00019358
1.28E-03,0.00019552
1.28E-03,0.00019176
1.28E-03,0.00019366
1.28E-03,0.00018994
1.28E-03,0.0001918
1.29E-03,0.00018812
1.29E-03,0.00018995
1.29E-03,0.00018629
1.29E-03,0.00018809
1.29E-03,0.00018447
1.29E-03,0.00018623
1.29E-03,0.00018265
1.29E-03,0.00018437
1.29E-03,0.00018083
1.29E-03,0.00018251
1.29E-03,0.00017901
1.29E-03,0.00018065
1.29E-03,0.00017719
1.29E-03,0.00017879
1.30E-03,0.00017537
1.30E-03,0.00017693
1.30E-03,0.00017354
1.30E-03,0.00017507
1.30E-03,0.00017172
1.30E-03,0.00017321
1.30E-03,0.0001699
1.30E-03,0.00017135
1.30E-03,0.00016808
1.30E-03,0.00016949
1.30E-03,0.00016626
1.30E-03,0.00016763
1.30E-03,0.00016444
1.30E-03,0.00016577
1.30E-03,0.00016262
1.31E-03,0.00016391
1.31E-03,0.0001608
1.31E-03,0.00016205
1.31E-03,0.00015898
1.31E-03,0.00016019
1.31E-03,0.00015715
1.31E-03,0.00015833
1.31E-03,0.00015533
1.31E-03,0.00015646
1.31E-03,0.00015351
1.31E-03,0.0001546
1.31E-03,0.00015169
1.31E-03,0.00015274
1.31E-03,0.00014987
1.32E-03,0.00015088
1.32E-03,0.00014805
1.32E-03,0.00014902
1.32E-03,0.00014623
1.32E-03,0.00014716
1.32E-03,0.00014441
1.32E-03,0.0001453
1.32E-03,0.00014259
1.32E-03,0.00014344
1.32E-03,0.00014077
1.32E-03,0.00014158
1.32E-03,0.00013895
1.32E-03,0.00013972
1.32E-03,0.00013713
1.32E-03,0.00013786
1.33E-03,0.00013532
1.33E-03,0.00013604
1.33E-03,0.00013354
1.33E-03,0.00013422
1.33E-03,0.00013177
1.33E-03,0.00013241
1.33E-03,0.00012999
1.33E-03,0.00013059
1.33E-03,0.00012822
1.33E-03,0.00012877
1.33E-03,0.00012644
1.33E-03,0.00012696
1.33E-03,0.00012466
1.33E-03,0.00012514
1.34E-03,0.00012289
1.34E-03,0.00012333
1.34E-03,0.00012111
1.34E-03,0.00012151
1.34E-03,0.00011934
1.34E-03,0.00011969
1.34E-03,0.00011756
1.34E-03,0.00011788
1.34E-03,0.00011579
1.34E-03,0.00011606
1.34E-03,0.00011401
1.34E-03,0.00011425
1.34E-03,0.00011223
1.34E-03,0.00011243
1.34E-03,0.00011046
1.35E-03,0.00011061
1.35E-03,0.00010868
1.35E-03,0.0001088
1.35E-03,0.00010691
1.35E-03,0.00010698
1.35E-03,0.00010513
1.35E-03,0.00010517
1.35E-03,0.00010335
1.35E-03,0.00010335
1.35E-03,0.00010158
1.35E-03,0.00010153
1.35E-03,9.98E-05
1.35E-03,9.97E-05
1.35E-03,9.80E-05
1.36E-03,9.79E-05
1.36E-03,9.63E-05
1.36E-03,9.61E-05
1.36E-03,9.45E-05
1.36E-03,9.43E-05
1.36E-03,9.27E-05
1.36E-03,9.25E-05
1.36E-03,9.09E-05
1.36E-03,9.06E-05
1.36E-03,8.91E-05
1.36E-03,8.88E-05
1.36E-03,8.74E-05
1.36E-03,8.70E-05
1.36E-03,8.56E-05
1.36E-03,8.52E-05
1.37E-03,8.38E-05
1.37E-03,8.34E-05
1.37E-03,8.20E-05
1.37E-03,8.16E-05
1.37E-03,8.03E-05
1.37E-03,7.98E-05
1.37E-03,7.85E-05
1.37E-03,7.79E-05
1.37E-03,7.67E-05
1.37E-03,7.61E-05
1.37E-03,7.49E-05
1.37E-03,7.43E-05
1.37E-03,7.31E-05
1.37E-03,7.25E-05
1.38E-03,7.13E-05
1.38E-03,7.04E-05
1.38E-03,6.10E-05
1.38E-03,4.85E-05
1.38E-03,3.65E-05
1.38E-03,2.43E-05
1.38E-03,1.22E-05
1.38E-03,-3.74E-16
