g_ptsx,g_ptsy
0.00E+00,0.999986082
6.90E-07,1.000013923
1.38E-06,0.999986064
2.07E-06,1.000013958
2.76E-06,0.999986012
3.45E-06,1.000014028
4.14E-06,0.999985924
4.83E-06,1.000014134
5.52E-06,0.999985799
6.21E-06,1.000014277
6.90E-06,0.999985638
7.59E-06,1.000014458
8.28E-06,0.999985437
8.97E-06,1.000014678
9.66E-06,0.999985196
1.04E-05,1.000014941
1.10E-05,0.999984912
1.17E-05,1.000015247
1.24E-05,0.999984582
1.31E-05,1.000015601
1.38E-05,0.999984203
1.45E-05,1.000016006
1.52E-05,0.999983771
1.59E-05,1.000016466
1.66E-05,0.999983282
1.73E-05,1.000016986
1.79E-05,0.999982729
1.86E-05,1.000017574
1.93E-05,0.999982106
2.00E-05,1.000018235
2.07E-05,0.999981404
2.14E-05,1.000018979
2.21E-05,0.999980615
2.28E-05,1.000019816
2.35E-05,0.999979726
2.42E-05,1.00002076
2.49E-05,0.999978724
2.55E-05,1.000021826
2.62E-05,0.999977589
2.69E-05,1.000023034
2.76E-05,0.999976302
2.83E-05,1.000024407
2.90E-05,0.999974835
2.97E-05,1.000025977
3.04E-05,0.999973153
3.11E-05,1.000027782
3.18E-05,0.999971212
3.24E-05,1.000029873
3.31E-05,0.999968954
3.38E-05,1.000032316
3.45E-05,0.999966303
3.52E-05,1.000035201
3.59E-05,0.999963153
3.66E-05,1.000038652
3.73E-05,0.999959358
3.80E-05,1.000042845
3.87E-05,0.999954705
3.93E-05,1.000048037
4.00E-05,0.999948877
4.07E-05,1.000054623
4.14E-05,0.999941375
4.21E-05,1.000063244
4.28E-05,0.999931366
4.35E-05,1.000075005
4.42E-05,0.999917347
4.49E-05,1.000092005
4.56E-05,0.99989629
4.63E-05,1.000118789
4.69E-05,0.99986103
4.76E-05,1.000167402
4.83E-05,0.999789491
4.90E-05,1.000283592
4.97E-05,0.99956696
5.04E-05,1.00087431
5.11E-05,0.994239154
5.18E-05,0.96373535
5.25E-05,0.930220855
5.32E-05,0.90344306
5.38E-05,0.892753102
5.45E-05,0.881690973
5.52E-05,0.871355469
5.59E-05,0.860430264
5.66E-05,0.850415815
5.73E-05,0.840075742
5.80E-05,0.830086233
5.87E-05,0.819798084
5.94E-05,0.809725329
6.01E-05,0.799875925
6.08E-05,0.792334906
6.14E-05,0.784727227
6.21E-05,0.777344516
6.28E-05,0.769738035
6.35E-05,0.762343019
6.42E-05,0.754747478
6.49E-05,0.747391588
6.56E-05,0.740794039
6.63E-05,0.734698351
6.70E-05,0.728361569
6.77E-05,0.722224955
6.83E-05,0.715910694
6.90E-05,0.709755712
6.97E-05,0.703461949
7.04E-05,0.697271511
7.11E-05,0.691205212
7.18E-05,0.686134237
7.25E-05,0.680952302
7.32E-05,0.675922262
7.39E-05,0.670744097
7.46E-05,0.665707974
7.52E-05,0.660536027
7.59E-05,0.655493376
7.66E-05,0.650329493
7.73E-05,0.645272032
7.80E-05,0.640200369
7.87E-05,0.635848473
7.94E-05,0.63147479
8.01E-05,0.627197517
8.08E-05,0.622818207
8.15E-05,0.61854026
8.22E-05,0.614163505
8.28E-05,0.609881909
8.35E-05,0.605509993
8.42E-05,0.601221602
8.49E-05,0.596860665
8.56E-05,0.592549527
8.63E-05,0.588456038
8.70E-05,0.584864651
8.77E-05,0.581126433
8.84E-05,0.577519669
8.91E-05,0.57379046
8.97E-05,0.570178318
9.04E-05,0.566452527
9.11E-05,0.562838274
9.18E-05,0.559113484
9.25E-05,0.555499464
9.32E-05,0.551772624
9.39E-05,0.548164215
9.46E-05,0.544421901
9.53E-05,0.541005585
9.60E-05,0.537830167
9.66E-05,0.534709315
9.73E-05,0.53152631
9.80E-05,0.528410202
9.87E-05,0.525224786
9.94E-05,0.522109904
1.00E-04,0.518923923
1.01E-04,0.515809208
1.01E-04,0.51262331
1.02E-04,0.509508363
1.03E-04,0.506322726
1.04E-04,0.503207804
1.04E-04,0.500020294
1.05E-04,0.496932006
1.06E-04,0.494104507
1.06E-04,0.491437007
1.07E-04,0.488680065
1.08E-04,0.486003293
1.08E-04,0.483250105
1.09E-04,0.480571223
1.10E-04,0.477819448
1.10E-04,0.475139516
1.11E-04,0.47238857
1.12E-04,0.469707968
1.13E-04,0.466957549
1.13E-04,0.46427659
1.14E-04,0.461526238
1.15E-04,0.458845922
1.15E-04,0.456092257
1.16E-04,0.453445121
1.17E-04,0.451015246
1.17E-04,0.448708247
1.18E-04,0.446324174
1.19E-04,0.44401128
1.19E-04,0.441629418
1.20E-04,0.439315378
1.21E-04,0.436934205
1.22E-04,0.434619734
1.22E-04,0.432238811
1.23E-04,0.429924249
1.24E-04,0.427543245
1.24E-04,0.425228976
1.25E-04,0.422847383
1.26E-04,0.420534166
1.26E-04,0.418150713
1.27E-04,0.415840952
1.28E-04,0.413451383
1.28E-04,0.411313123
1.29E-04,0.409267445
1.30E-04,0.40725306
1.30E-04,0.405197499
1.31E-04,0.40318727
1.32E-04,0.401129582
1.33E-04,0.399120545
1.33E-04,0.397062176
1.34E-04,0.395053503
1.35E-04,0.392994988
1.35E-04,0.390986296
1.36E-04,0.38892794
1.37E-04,0.386918955
1.37E-04,0.384861036
1.38E-04,0.382851439
1.39E-04,0.380794366
1.39E-04,0.378783598
1.40E-04,0.376728003
1.41E-04,0.374720376
1.42E-04,0.372854683
1.42E-04,0.371130137
1.43E-04,0.369335278
1.44E-04,0.367602443
1.44E-04,0.365811114
1.45E-04,0.364076251
1.46E-04,0.3622863
1.46E-04,0.360550389
1.47E-04,0.358761305
1.48E-04,0.357024627
1.48E-04,0.355236262
1.49E-04,0.353498873
1.50E-04,0.351711246
1.50E-04,0.349973054
1.51E-04,0.348186349
1.52E-04,0.34644703
1.53E-04,0.344661809
1.53E-04,0.342920335
1.54E-04,0.341138724
1.55E-04,0.339389826
1.55E-04,0.33771368
1.56E-04,0.336222885
1.57E-04,0.334662796
1.57E-04,0.33316541
1.58E-04,0.331608755
1.59E-04,0.330109306
1.59E-04,0.328554061
1.60E-04,0.32705356
1.61E-04,0.325499152
1.62E-04,0.323997948
1.62E-04,0.322444155
1.63E-04,0.320942394
1.64E-04,0.319389126
1.64E-04,0.317886853
1.65E-04,0.316334099
1.66E-04,0.314831289
1.66E-04,0.313279122
1.67E-04,0.311775639
1.68E-04,0.31022429
1.68E-04,0.308719757
1.69E-04,0.307169711
1.70E-04,0.30566707
1.71E-04,0.304259686
1.71E-04,0.302972498
1.72E-04,0.301620063
1.73E-04,0.300326544
1.73E-04,0.298976769
1.74E-04,0.297681769
1.75E-04,0.296332946
1.75E-04,0.295037279
1.76E-04,0.29368895
1.77E-04,0.292392907
1.77E-04,0.291044867
1.78E-04,0.289748604
1.79E-04,0.288400722
1.79E-04,0.287104361
1.80E-04,0.285756516
1.81E-04,0.284460188
1.82E-04,0.283112223
1.82E-04,0.28181613
1.83E-04,0.280467761
1.84E-04,0.279172341
1.84E-04,0.277822827
1.85E-04,0.276529501
1.86E-04,0.275176114
1.86E-04,0.273977487
1.87E-04,0.272819339
1.88E-04,0.271693431
1.88E-04,0.270529672
1.89E-04,0.269406202
1.90E-04,0.268241145
1.91E-04,0.267118451
1.91E-04,0.265952898
1.92E-04,0.264830531
1.93E-04,0.26366476
1.93E-04,0.262542538
1.94E-04,0.261376674
1.95E-04,0.260254507
1.95E-04,0.259088616
1.96E-04,0.257966454
1.97E-04,0.256800576
1.97E-04,0.255678388
1.98E-04,0.254512545
1.99E-04,0.253390318
2.00E-04,0.252224508
2.00E-04,0.251102271
2.01E-04,0.249936403
2.02E-04,0.248814446
2.02E-04,0.247647339
2.03E-04,0.246537904
2.04E-04,0.245505986
2.04E-04,0.244544321
2.05E-04,0.243533959
2.06E-04,0.242569522
2.06E-04,0.241560217
2.07E-04,0.240595216
2.08E-04,0.239586275
2.08E-04,0.238621008
2.09E-04,0.23761228
2.10E-04,0.236646831
2.11E-04,0.235638264
2.11E-04,0.234672668
2.12E-04,0.233664241
2.13E-04,0.232698509
2.13E-04,0.231690215
2.14E-04,0.23072435
2.15E-04,0.229716191
2.15E-04,0.228750187
2.16E-04,0.227742174
2.17E-04,0.226776015
2.17E-04,0.225768168
2.18E-04,0.224801831
2.19E-04,0.223794166
2.20E-04,0.222827698
2.20E-04,0.221819743
2.21E-04,0.220859942
2.22E-04,0.21996103
2.22E-04,0.219135568
2.23E-04,0.218261365
2.24E-04,0.217432746
2.24E-04,0.2165598
2.25E-04,0.2157305
2.26E-04,0.214857988
2.26E-04,0.214028382
2.27E-04,0.2131561
2.28E-04,0.212326314
2.29E-04,0.211454177
2.29E-04,0.210624273
2.30E-04,0.209752232
2.31E-04,0.20892225
2.31E-04,0.208050269
2.32E-04,0.207220246
2.33E-04,0.206348286
2.33E-04,0.205518266
2.34E-04,0.204646275
2.35E-04,0.203816321
2.35E-04,0.202944214
2.36E-04,0.202114449
2.37E-04,0.201242043
2.37E-04,0.200412759
2.38E-04,0.199539531
2.39E-04,0.198711824
2.40E-04,0.197834764
2.40E-04,0.197047528
2.41E-04,0.196299418
2.42E-04,0.195584617
2.42E-04,0.194835343
2.43E-04,0.194121639
2.44E-04,0.19337172
2.44E-04,0.192658411
2.45E-04,0.191908243
2.46E-04,0.191195092
2.46E-04,0.190444827
2.47E-04,0.189731729
2.48E-04,0.188981444
2.49E-04,0.18826834
2.49E-04,0.187518082
2.50E-04,0.186804932
2.51E-04,0.186054738
2.51E-04,0.185341508
2.52E-04,0.184591411
2.53E-04,0.183878066
2.53E-04,0.183128105
2.54E-04,0.182414597
2.55E-04,0.181664832
2.55E-04,0.180951083
2.56E-04,0.180201624
2.57E-04,0.179487471
2.57E-04,0.178738578
2.58E-04,0.178023557
2.59E-04,0.177276196
2.60E-04,0.176557703
2.60E-04,0.175847972
2.61E-04,0.17524165
2.62E-04,0.174592028
2.62E-04,0.173984055
2.63E-04,0.173335639
2.64E-04,0.172726913
2.64E-04,0.172079014
2.65E-04,0.171469905
2.66E-04,0.170822305
2.66E-04,0.170212952
2.67E-04,0.169565559
2.68E-04,0.168956026
2.69E-04,0.168308792
2.69E-04,0.167699115
2.70E-04,0.167052014
2.71E-04,0.166442215
2.71E-04,0.165795227
2.72E-04,0.16518532
2.73E-04,0.164538436
2.73E-04,0.163928429
2.74E-04,0.163281642
2.75E-04,0.162671541
2.75E-04,0.162024846
2.76E-04,0.161414652
2.77E-04,0.160768053
2.78E-04,0.160157756
2.78E-04,0.15951128
2.79E-04,0.158900809
2.80E-04,0.158254653
2.80E-04,0.157643264
2.81E-04,0.157004918
2.82E-04,0.156471552
2.82E-04,0.155916965
2.83E-04,0.155395143
2.84E-04,0.154839187
2.84E-04,0.154317803
2.85E-04,0.153761674
2.86E-04,0.153240356
2.86E-04,0.152684213
2.87E-04,0.152162879
2.88E-04,0.151606769
2.89E-04,0.151085392
2.89E-04,0.150529334
2.90E-04,0.150007898
2.91E-04,0.149451903
2.91E-04,0.1489304
2.92E-04,0.148374476
2.93E-04,0.147852899
2.93E-04,0.147297052
2.94E-04,0.146775395
2.95E-04,0.146219631
2.95E-04,0.145697886
2.96E-04,0.145142217
2.97E-04,0.144620369
2.98E-04,0.144064812
2.98E-04,0.143542839
2.99E-04,0.142987429
3.00E-04,0.142465274
3.00E-04,0.141910106
3.01E-04,0.141387591
3.02E-04,0.140833065
3.02E-04,0.140308954
3.03E-04,0.139766575
3.04E-04,0.139316913
3.04E-04,0.138839133
3.05E-04,0.138394482
3.06E-04,0.13791633
3.07E-04,0.137471685
3.07E-04,0.136993602
3.08E-04,0.136548869
3.09E-04,0.136070877
3.09E-04,0.135626054
3.10E-04,0.135148152
3.11E-04,0.134703239
3.11E-04,0.134225426
3.12E-04,0.133780425
3.13E-04,0.1333027
3.13E-04,0.132857611
3.14E-04,0.132379974
3.15E-04,0.131934796
3.15E-04,0.131457249
3.16E-04,0.13101198
3.17E-04,0.130534526
3.18E-04,0.13008916
3.18E-04,0.129611806
3.19E-04,0.129166337
3.20E-04,0.128689093
3.20E-04,0.128243505
3.21E-04,0.12776639
3.22E-04,0.127320659
3.22E-04,0.126843708
3.23E-04,0.126397784
3.24E-04,0.125921068
3.24E-04,0.125474849
3.25E-04,0.12499846
3.26E-04,0.124553316
3.27E-04,0.124124723
3.27E-04,0.123748651
3.28E-04,0.123336613
3.29E-04,0.12295855
3.29E-04,0.122547358
3.30E-04,0.12216881
3.31E-04,0.121757944
3.31E-04,0.121379153
3.32E-04,0.120968481
3.33E-04,0.120589528
3.33E-04,0.120178997
3.34E-04,0.119799918
3.35E-04,0.119389503
3.36E-04,0.119010316
3.36E-04,0.118600002
3.37E-04,0.118220719
3.38E-04,0.117810497
3.38E-04,0.117431125
3.39E-04,0.11702099
3.40E-04,0.116641533
3.40E-04,0.116231481
3.41E-04,0.115851942
3.42E-04,0.115441971
3.42E-04,0.115062351
3.43E-04,0.114652462
3.44E-04,0.114272759
3.44E-04,0.113862956
3.45E-04,0.113483163
3.46E-04,0.113073456
3.47E-04,0.112693554
3.47E-04,0.112283981
3.48E-04,0.111903892
3.49E-04,0.111494643
3.49E-04,0.111113725
3.50E-04,0.110710874
3.51E-04,0.110381828
3.51E-04,0.11003038
3.52E-04,0.109707177
3.53E-04,0.109355099
3.53E-04,0.109032056
3.54E-04,0.108679944
3.55E-04,0.108356889
3.56E-04,0.108004809
3.56E-04,0.107681711
3.57E-04,0.107329681
3.58E-04,0.107006529
3.58E-04,0.106654555
3.59E-04,0.106331346
3.60E-04,0.105979429
3.60E-04,0.105656163
3.61E-04,0.105304303
3.62E-04,0.10498098
3.62E-04,0.104629177
3.63E-04,0.104305798
3.64E-04,0.10395405
3.65E-04,0.103630617
3.65E-04,0.103278921
3.66E-04,0.102955437
3.67E-04,0.102603791
3.67E-04,0.102280261
3.68E-04,0.101928657
3.69E-04,0.101605088
3.69E-04,0.101253517
3.70E-04,0.100929923
3.71E-04,0.100578368
3.71E-04,0.10025477
3.72E-04,0.099903201
3.73E-04,0.099579643
3.73E-04,0.099228003
3.74E-04,0.098904505
3.75E-04,0.098554072
3.76E-04,0.098266461
3.76E-04,0.09796639
3.77E-04,0.097690087
3.78E-04,0.097388726
3.78E-04,0.097112901
3.79E-04,0.096811316
3.80E-04,0.096535604
3.80E-04,0.096233964
3.81E-04,0.095958273
3.82E-04,0.095656634
3.82E-04,0.095380927
3.83E-04,0.095079315
3.84E-04,0.094803573
3.85E-04,0.094502001
3.85E-04,0.094226215
3.86E-04,0.093924691
3.87E-04,0.093648854
3.87E-04,0.093347384
3.88E-04,0.09307149
3.89E-04,0.09277008
3.89E-04,0.092494124
3.90E-04,0.092192777
3.91E-04,0.091916756
3.91E-04,0.091615476
3.92E-04,0.091339385
3.93E-04,0.091038179
3.93E-04,0.090762011
3.94E-04,0.090460885
3.95E-04,0.090184632
3.96E-04,0.089883598
3.96E-04,0.089607244
3.97E-04,0.089306326
3.98E-04,0.089029833
3.98E-04,0.088729092
3.99E-04,0.088452346
4.00E-04,0.088152036
4.00E-04,0.087874274
4.01E-04,0.087581625
4.02E-04,0.087345072
4.02E-04,0.087085868
4.03E-04,0.086851297
4.04E-04,0.086592048
4.05E-04,0.086357396
4.05E-04,0.086098243
4.06E-04,0.085863497
4.07E-04,0.085604434
4.07E-04,0.085369602
4.08E-04,0.085110621
4.09E-04,0.08487571
4.09E-04,0.084616806
4.10E-04,0.08438182
4.11E-04,0.084122989
4.11E-04,0.083887931
4.12E-04,0.083629171
4.13E-04,0.083394043
4.14E-04,0.083135352
4.14E-04,0.082900155
4.15E-04,0.082641533
4.16E-04,0.082406269
4.16E-04,0.082147713
4.17E-04,0.081912382
4.18E-04,0.081653893
4.18E-04,0.081418497
4.19E-04,0.081160072
4.20E-04,0.080924612
4.20E-04,0.08066625
4.21E-04,0.080430728
4.22E-04,0.080172426
4.22E-04,0.079936847
4.23E-04,0.079678599
4.24E-04,0.079442972
4.25E-04,0.079184762
4.25E-04,0.078949114
4.26E-04,0.078690888
4.27E-04,0.078455349
4.27E-04,0.078196679
4.28E-04,0.077965257
4.29E-04,0.077739332
4.29E-04,0.077539469
4.30E-04,0.077317062
4.31E-04,0.077116735
4.31E-04,0.076894519
4.32E-04,0.076694071
4.33E-04,0.07647195
4.34E-04,0.076271419
4.34E-04,0.076049375
4.35E-04,0.07584877
4.36E-04,0.075626799
4.36E-04,0.075426122
4.37E-04,0.075204222
4.38E-04,0.075003474
4.38E-04,0.074781645
4.39E-04,0.074580826
4.40E-04,0.074359069
4.40E-04,0.074158178
4.41E-04,0.073936493
4.42E-04,0.073735529
4.43E-04,0.073513917
4.43E-04,0.073312879
4.44E-04,0.073091343
4.45E-04,0.072890228
4.45E-04,0.07266877
4.46E-04,0.072467575
4.47E-04,0.0722462
4.47E-04,0.072044919
4.48E-04,0.071823632
4.49E-04,0.07162226
4.49E-04,0.07140107
4.50E-04,0.071199593
4.51E-04,0.070978517
4.51E-04,0.070776914
4.52E-04,0.070555983
4.53E-04,0.070354206
4.54E-04,0.070133497
4.54E-04,0.069931409
4.55E-04,0.069711201
4.56E-04,0.069508103
4.56E-04,0.06930113
4.57E-04,0.069131165
4.58E-04,0.068939528
4.58E-04,0.068768715
4.59E-04,0.06857755
4.60E-04,0.068406437
4.60E-04,0.06821549
4.61E-04,0.068044205
4.62E-04,0.067853401
4.63E-04,0.06768199
4.63E-04,0.067491301
4.64E-04,0.067319784
4.65E-04,0.067129194
4.65E-04,0.066957583
4.66E-04,0.066767083
4.67E-04,0.066595385
4.67E-04,0.06640497
4.68E-04,0.066233189
4.69E-04,0.066042856
4.69E-04,0.065870993
4.70E-04,0.065680741
4.71E-04,0.065508798
4.72E-04,0.065318626
4.72E-04,0.065146603
4.73E-04,0.064956511
4.74E-04,0.064784408
4.74E-04,0.064594396
4.75E-04,0.064422211
4.76E-04,0.064232284
4.76E-04,0.064060013
4.77E-04,0.063870173
4.78E-04,0.063697812
4.78E-04,0.063508067
4.79E-04,0.063335605
4.80E-04,0.063145968
4.80E-04,0.062973388
4.81E-04,0.062783885
4.82E-04,0.062611146
4.83E-04,0.062421842
4.83E-04,0.062248828
4.84E-04,0.062059963
4.85E-04,0.061886069
4.85E-04,0.061708317
4.86E-04,0.061562644
4.87E-04,0.061398161
4.87E-04,0.061251775
4.88E-04,0.061087699
4.89E-04,0.060941051
4.89E-04,0.060777167
4.90E-04,0.060630365
4.91E-04,0.060466612
4.92E-04,0.060319694
4.92E-04,0.060156047
4.93E-04,0.060009032
4.94E-04,0.059845475
4.94E-04,0.059698373
4.95E-04,0.0595349
4.96E-04,0.059387718
4.96E-04,0.059224323
4.97E-04,0.059077064
4.98E-04,0.058913745
4.98E-04,0.058766411
4.99E-04,0.058603165
5.00E-04,0.05845576
5.01E-04,0.058292585
5.01E-04,0.058145109
5.02E-04,0.057982003
5.03E-04,0.057834458
5.03E-04,0.057671422
5.04E-04,0.057523809
5.05E-04,0.057360839
5.05E-04,0.057213159
5.06E-04,0.057050257
5.07E-04,0.056902511
5.07E-04,0.056739673
5.08E-04,0.056591863
5.09E-04,0.056429089
5.09E-04,0.056281216
5.10E-04,0.056118503
5.11E-04,0.055970572
5.12E-04,0.055807912
5.12E-04,0.055659937
5.13E-04,0.055497303
5.14E-04,0.055349351
5.14E-04,0.05518651
5.15E-04,0.055040786
5.16E-04,0.054897642
5.16E-04,0.054771599
5.17E-04,0.054630893
5.18E-04,0.054504501
5.18E-04,0.054363954
5.19E-04,0.054237455
5.20E-04,0.054096995
5.21E-04,0.053970418
5.21E-04,0.053830031
5.22E-04,0.053703383
5.23E-04,0.053563066
5.23E-04,0.05343635
5.24E-04,0.053296099
5.25E-04,0.053169318
5.25E-04,0.053029132
5.26E-04,0.052902285
5.27E-04,0.052762165
5.27E-04,0.052635253
5.28E-04,0.052495198
5.29E-04,0.052368221
5.29E-04,0.052228231
5.30E-04,0.05210119
5.31E-04,0.051961263
5.32E-04,0.051834158
5.32E-04,0.051694296
5.33E-04,0.051567126
5.34E-04,0.051427329
5.34E-04,0.051300093
5.35E-04,0.051160362
5.36E-04,0.051033061
5.36E-04,0.050893396
5.37E-04,0.050766028
5.38E-04,0.05062643
5.38E-04,0.050498994
5.39E-04,0.050359465
5.40E-04,0.050231959
5.41E-04,0.050092503
5.41E-04,0.04996492
5.42E-04,0.049825545
5.43E-04,0.049697873
5.43E-04,0.049558602
5.44E-04,0.049430797
5.45E-04,0.049291728
5.45E-04,0.049163491
5.46E-04,0.049027413
5.47E-04,0.048917072
5.47E-04,0.04879655
5.48E-04,0.048687353
5.49E-04,0.04856679
5.50E-04,0.048457549
5.50E-04,0.048337047
5.51E-04,0.048227741
5.52E-04,0.048107304
5.52E-04,0.047997932
5.53E-04,0.047877561
5.54E-04,0.047768125
5.54E-04,0.047647817
5.55E-04,0.047538318
5.56E-04,0.047418073
5.56E-04,0.047308511
5.57E-04,0.047188328
5.58E-04,0.047078705
5.58E-04,0.046958583
5.59E-04,0.046848899
5.60E-04,0.046728838
5.61E-04,0.046619094
5.61E-04,0.046499092
5.62E-04,0.046389288
5.63E-04,0.046269346
5.63E-04,0.046159483
5.64E-04,0.0460396
5.65E-04,0.045929679
5.65E-04,0.045809853
5.66E-04,0.045699875
5.67E-04,0.045580106
5.67E-04,0.045470071
5.68E-04,0.045350358
5.69E-04,0.045240269
5.70E-04,0.045120609
5.70E-04,0.045010467
5.71E-04,0.044890858
5.72E-04,0.044780667
5.72E-04,0.044661105
5.73E-04,0.044550871
5.74E-04,0.044431348
5.74E-04,0.04432108
5.75E-04,0.044201583
5.76E-04,0.044091303
5.76E-04,0.043971797
5.77E-04,0.04386155
5.78E-04,0.043742227
5.79E-04,0.043642676
5.79E-04,0.043539927
5.80E-04,0.043444602
5.81E-04,0.043341433
5.81E-04,0.043246246
5.82E-04,0.04314303
5.83E-04,0.04304785
5.83E-04,0.042944648
5.84E-04,0.042849442
5.85E-04,0.042746274
5.85E-04,0.042651028
5.86E-04,0.042547904
5.87E-04,0.042452612
5.87E-04,0.042349535
5.88E-04,0.042254194
5.89E-04,0.042151168
5.90E-04,0.042055775
5.90E-04,0.041952802
5.91E-04,0.041857355
5.92E-04,0.041754436
5.92E-04,0.041658935
5.93E-04,0.041556071
5.94E-04,0.041460514
5.94E-04,0.041357706
5.95E-04,0.041262094
5.96E-04,0.041159341
5.96E-04,0.041063673
5.97E-04,0.040960976
5.98E-04,0.040865252
5.99E-04,0.040762611
5.99E-04,0.040666832
6.00E-04,0.040564246
6.01E-04,0.040468411
6.01E-04,0.040365882
6.02E-04,0.04026999
6.03E-04,0.040167517
6.03E-04,0.040071569
6.04E-04,0.039969152
6.05E-04,0.039873149
6.05E-04,0.039770787
6.06E-04,0.039674728
6.07E-04,0.039572422
6.08E-04,0.039476306
6.08E-04,0.039374059
6.09E-04,0.039277879
6.10E-04,0.039175714
6.10E-04,0.039079375
6.11E-04,0.038978291
6.12E-04,0.038893354
6.12E-04,0.038805043
6.13E-04,0.038721952
6.14E-04,0.038633458
6.14E-04,0.038550398
6.15E-04,0.038461917
6.16E-04,0.038378826
6.16E-04,0.038290385
6.17E-04,0.038207249
6.18E-04,0.038118856
6.19E-04,0.03803567
6.19E-04,0.037947329
6.20E-04,0.03786409
6.21E-04,0.037775802
6.21E-04,0.037692509
6.22E-04,0.037604276
6.23E-04,0.037520928
6.23E-04,0.03743275
6.24E-04,0.037349347
6.25E-04,0.037261224
6.25E-04,0.037177765
6.26E-04,0.037089699
6.27E-04,0.037006183
6.28E-04,0.036918173
6.28E-04,0.036834602
6.29E-04,0.036746648
6.30E-04,0.03666302
6.30E-04,0.036575123
6.31E-04,0.036491438
6.32E-04,0.036403598
6.32E-04,0.036319855
6.33E-04,0.036232074
6.34E-04,0.036148272
6.34E-04,0.03606055
6.35E-04,0.035976689
6.36E-04,0.035889026
6.36E-04,0.035805105
6.37E-04,0.035717503
6.38E-04,0.03563352
6.39E-04,0.035545982
6.39E-04,0.035461933
6.40E-04,0.035374464
6.41E-04,0.035290342
6.41E-04,0.03520295
6.42E-04,0.035118744
6.43E-04,0.035031449
6.43E-04,0.034947125
6.44E-04,0.034859982
6.45E-04,0.034775555
6.45E-04,0.034695743
6.46E-04,0.034623484
6.47E-04,0.034547308
6.48E-04,0.034474626
6.48E-04,0.034398659
6.49E-04,0.034325839
6.50E-04,0.034249978
6.50E-04,0.034177068
6.51E-04,0.034101287
6.52E-04,0.034028304
6.52E-04,0.033952592
6.53E-04,0.033879542
6.54E-04,0.033803894
6.54E-04,0.033730783
6.55E-04,0.033655195
6.56E-04,0.033582025
6.57E-04,0.033506495
6.57E-04,0.033433267
6.58E-04,0.033357795
6.59E-04,0.03328451
6.59E-04,0.033209094
6.60E-04,0.033135754
6.61E-04,0.033060392
6.61E-04,0.032986998
6.62E-04,0.032911691
6.63E-04,0.032838242
6.63E-04,0.032762989
6.64E-04,0.032689486
6.65E-04,0.032614287
6.65E-04,0.03254073
6.66E-04,0.032465584
6.67E-04,0.032391975
6.68E-04,0.032316882
6.68E-04,0.03224322
6.69E-04,0.032168179
6.70E-04,0.032094465
6.70E-04,0.032019477
6.71E-04,0.03194571
6.72E-04,0.031870774
6.72E-04,0.031796955
6.73E-04,0.031722072
6.74E-04,0.031648199
6.74E-04,0.031573369
6.75E-04,0.031499444
6.76E-04,0.031424668
6.77E-04,0.031350686
6.77E-04,0.031275969
6.78E-04,0.031201922
6.79E-04,0.031127291
6.79E-04,0.031053081
6.80E-04,0.03097946
6.81E-04,0.030913775
6.81E-04,0.030848983
6.82E-04,0.030784348
6.83E-04,0.030719473
6.83E-04,0.030654833
6.84E-04,0.030589986
6.85E-04,0.030525309
6.86E-04,0.030460504
6.86E-04,0.030395782
6.87E-04,0.030331024
6.88E-04,0.030266254
6.88E-04,0.030201544
6.89E-04,0.030136726
6.90E-04,0.030072064
6.90E-04,0.030007198
6.91E-04,0.029942584
6.92E-04,0.02987767
6.92E-04,0.029813104
6.93E-04,0.029748142
6.94E-04,0.029683625
6.94E-04,0.029618614
6.95E-04,0.029554145
6.96E-04,0.029489086
6.97E-04,0.029424665
6.97E-04,0.029359558
6.98E-04,0.029295185
6.99E-04,0.02923003
6.99E-04,0.029165705
7.00E-04,0.029100503
7.01E-04,0.029036224
7.01E-04,0.028970975
7.02E-04,0.028906744
7.03E-04,0.028841448
7.03E-04,0.028777263
7.04E-04,0.028711921
7.05E-04,0.028647782
7.06E-04,0.028582394
7.06E-04,0.028518301
7.07E-04,0.028452867
7.08E-04,0.028388819
7.08E-04,0.028323341
7.09E-04,0.028259337
7.10E-04,0.028193816
7.10E-04,0.028129855
7.11E-04,0.028064291
7.12E-04,0.028000371
7.12E-04,0.027934768
7.13E-04,0.027870885
7.14E-04,0.027805247
7.15E-04,0.027741398
7.15E-04,0.027675711
7.16E-04,0.027612221
7.17E-04,0.027552889
7.17E-04,0.027497772
7.18E-04,0.027440069
7.19E-04,0.027384791
7.19E-04,0.027327123
7.20E-04,0.027271849
7.21E-04,0.027214161
7.21E-04,0.027158914
7.22E-04,0.027101194
7.23E-04,0.027045983
7.23E-04,0.026988225
7.24E-04,0.026933054
7.25E-04,0.026875255
7.26E-04,0.026820125
7.26E-04,0.026762285
7.27E-04,0.026707197
7.28E-04,0.026649314
7.28E-04,0.026594269
7.29E-04,0.026536342
7.30E-04,0.026481341
7.30E-04,0.026423371
7.31E-04,0.026368413
7.32E-04,0.0263104
7.32E-04,0.026255485
7.33E-04,0.026197428
7.34E-04,0.026142557
7.35E-04,0.026084457
7.35E-04,0.026029629
7.36E-04,0.025971486
7.37E-04,0.025916702
7.37E-04,0.025858514
7.38E-04,0.025803774
7.39E-04,0.025745542
7.39E-04,0.025690846
7.40E-04,0.025632571
7.41E-04,0.025577919
7.41E-04,0.025519599
7.42E-04,0.025464992
7.43E-04,0.025406627
7.44E-04,0.025352065
7.44E-04,0.025293655
7.45E-04,0.025239138
7.46E-04,0.025180682
7.46E-04,0.025126212
7.47E-04,0.025067707
7.48E-04,0.025013288
7.48E-04,0.024954731
7.49E-04,0.024900367
7.50E-04,0.024841749
7.50E-04,0.024787455
7.51E-04,0.024728751
7.52E-04,0.024674582
7.52E-04,0.024615629
7.53E-04,0.024563309
7.54E-04,0.024511638
7.55E-04,0.0244643
7.55E-04,0.024412682
7.56E-04,0.024365418
7.57E-04,0.024313733
7.57E-04,0.024266528
7.58E-04,0.024214788
7.59E-04,0.024167634
7.59E-04,0.024115846
7.60E-04,0.024068739
7.61E-04,0.024016906
7.61E-04,0.023969843
7.62E-04,0.023917966
7.63E-04,0.023870946
7.64E-04,0.023819027
7.64E-04,0.023772049
7.65E-04,0.023720088
7.66E-04,0.023673151
7.66E-04,0.023621149
7.67E-04,0.023574253
7.68E-04,0.023522211
7.68E-04,0.023475355
7.69E-04,0.023423273
7.70E-04,0.023376456
7.70E-04,0.023324335
7.71E-04,0.023277557
7.72E-04,0.023225397
7.72E-04,0.023178659
7.73E-04,0.02312646
7.74E-04,0.023079759
7.75E-04,0.023027523
7.75E-04,0.02298086
7.76E-04,0.022928586
7.77E-04,0.022881961
7.77E-04,0.022829649
7.78E-04,0.022783061
7.79E-04,0.022730713
7.79E-04,0.022684161
7.80E-04,0.022631776
7.81E-04,0.02258526
7.81E-04,0.022532841
7.82E-04,0.02248636
7.83E-04,0.022433905
7.84E-04,0.022387458
7.84E-04,0.022334971
7.85E-04,0.022288556
7.86E-04,0.022236037
7.86E-04,0.022189651
7.87E-04,0.022137107
7.88E-04,0.022090743
7.88E-04,0.022038183
7.89E-04,0.021991821
7.90E-04,0.02193929
7.90E-04,0.021892802
7.91E-04,0.02184158
7.92E-04,0.021801231
7.93E-04,0.021754409
7.93E-04,0.021714254
7.94E-04,0.021667408
7.95E-04,0.021627274
7.95E-04,0.021580404
7.96E-04,0.021540296
7.97E-04,0.021493398
7.97E-04,0.021453319
7.98E-04,0.021406391
7.99E-04,0.021366343
7.99E-04,0.021319384
8.00E-04,0.021279368
8.01E-04,0.021232376
8.01E-04,0.021192392
8.02E-04,0.021145368
8.03E-04,0.021105417
8.04E-04,0.02105836
8.04E-04,0.021018442
8.05E-04,0.020971352
8.06E-04,0.020931467
8.06E-04,0.020884344
8.07E-04,0.020844492
8.08E-04,0.020797336
8.08E-04,0.020757517
8.09E-04,0.020710328
8.10E-04,0.020670542
8.10E-04,0.02062332
8.11E-04,0.020583566
8.12E-04,0.020536312
8.13E-04,0.020496591
8.13E-04,0.020449304
8.14E-04,0.020409616
8.15E-04,0.020362296
8.15E-04,0.020322641
8.16E-04,0.020275288
8.17E-04,0.020235666
8.17E-04,0.02018828
8.18E-04,0.02014869
8.19E-04,0.020101272
8.19E-04,0.020061715
8.20E-04,0.020014264
8.21E-04,0.019974741
8.22E-04,0.019927255
8.22E-04,0.019887766
8.23E-04,0.019840247
8.24E-04,0.019800792
8.24E-04,0.019753237
8.25E-04,0.019713819
8.26E-04,0.019666226
8.26E-04,0.019626848
8.27E-04,0.019579212
8.28E-04,0.019539882
8.28E-04,0.01949219
8.29E-04,0.019452929
8.30E-04,0.019405205
8.30E-04,0.019369311
8.31E-04,0.019326991
8.32E-04,0.019292656
8.33E-04,0.019250144
8.33E-04,0.019215906
8.34E-04,0.019173328
8.35E-04,0.019139142
8.35E-04,0.019096519
8.36E-04,0.019062373
8.37E-04,0.019019713
8.37E-04,0.018985603
8.38E-04,0.018942909
8.39E-04,0.018908832
8.39E-04,0.018866105
8.40E-04,0.018832059
8.41E-04,0.018789302
8.42E-04,0.018755287
8.42E-04,0.0187125
8.43E-04,0.018678514
8.44E-04,0.018635697
8.44E-04,0.018601741
8.45E-04,0.018558895
8.46E-04,0.018524967
8.46E-04,0.018482094
8.47E-04,0.018448194
8.48E-04,0.018405292
8.48E-04,0.01837142
8.49E-04,0.01832849
8.50E-04,0.018294646
8.51E-04,0.018251689
8.51E-04,0.018217872
8.52E-04,0.018174888
8.53E-04,0.018141098
8.53E-04,0.018098087
8.54E-04,0.018064324
8.55E-04,0.018021286
8.55E-04,0.017987549
8.56E-04,0.017944485
8.57E-04,0.017910775
8.57E-04,0.017867684
8.58E-04,0.017834001
8.59E-04,0.017790883
8.59E-04,0.017757226
8.60E-04,0.017714082
8.61E-04,0.017680452
8.62E-04,0.017637281
8.62E-04,0.017603678
8.63E-04,0.01756048
8.64E-04,0.017526904
8.64E-04,0.017483678
8.65E-04,0.01745013
8.66E-04,0.017406876
8.66E-04,0.017373358
8.67E-04,0.017330071
8.68E-04,0.017296589
8.68E-04,0.017253262
8.69E-04,0.017219824
8.70E-04,0.017176534
8.71E-04,0.017146173
8.71E-04,0.01710737
8.72E-04,0.017078139
8.73E-04,0.017039186
8.73E-04,0.01701003
8.74E-04,0.016971026
8.75E-04,0.01694191
8.75E-04,0.016902872
8.76E-04,0.016873787
8.77E-04,0.01683472
8.77E-04,0.016805662
8.78E-04,0.016766569
8.79E-04,0.016737536
8.79E-04,0.016698419
8.80E-04,0.01666941
8.81E-04,0.01663027
8.82E-04,0.016601283
8.82E-04,0.01656212
8.83E-04,0.016533156
8.84E-04,0.016493971
8.84E-04,0.016465029
8.85E-04,0.016425822
8.86E-04,0.016396901
8.86E-04,0.016357674
8.87E-04,0.016328774
8.88E-04,0.016289525
8.88E-04,0.016260646
8.89E-04,0.016221377
8.90E-04,0.016192518
8.91E-04,0.016153229
8.91E-04,0.01612439
8.92E-04,0.016085081
8.93E-04,0.016056261
8.93E-04,0.016016934
8.94E-04,0.015988133
8.95E-04,0.015948786
8.95E-04,0.015920004
8.96E-04,0.015880639
8.97E-04,0.015851875
8.97E-04,0.015812492
8.98E-04,0.015783746
8.99E-04,0.015744345
9.00E-04,0.015715616
9.00E-04,0.015676198
9.01E-04,0.015647486
9.02E-04,0.015608052
9.02E-04,0.015579356
9.03E-04,0.015539907
9.04E-04,0.015511225
9.04E-04,0.015471762
9.05E-04,0.015443094
9.06E-04,0.015403618
9.06E-04,0.01537496
9.07E-04,0.015335476
9.08E-04,0.015306823
9.08E-04,0.015267341
9.09E-04,0.015238676
9.10E-04,0.015199229
9.11E-04,0.015170458
9.11E-04,0.015132324
9.12E-04,0.015107595
9.13E-04,0.015071624
9.13E-04,0.015046858
9.14E-04,0.015010911
9.15E-04,0.014986136
9.15E-04,0.014950189
9.16E-04,0.014925419
9.17E-04,0.014889465
9.17E-04,0.014864703
9.18E-04,0.014828739
9.19E-04,0.014803989
9.20E-04,0.014768013
9.20E-04,0.014743275
9.21E-04,0.014707286
9.22E-04,0.014682561
9.22E-04,0.01464656
9.23E-04,0.014621847
9.24E-04,0.014585833
9.24E-04,0.014561134
9.25E-04,0.014525106
9.26E-04,0.01450042
9.26E-04,0.014464379
9.27E-04,0.014439707
9.28E-04,0.014403653
9.29E-04,0.014378993
9.29E-04,0.014342926
9.30E-04,0.014318279
9.31E-04,0.014282199
9.31E-04,0.014257566
9.32E-04,0.014221472
9.33E-04,0.014196852
9.33E-04,0.014160746
9.34E-04,0.014136138
9.35E-04,0.014100019
9.35E-04,0.014075424
9.36E-04,0.014039293
9.37E-04,0.01401471
9.37E-04,0.013978566
9.38E-04,0.013953996
9.39E-04,0.01391784
9.40E-04,0.013893282
9.40E-04,0.013857114
9.41E-04,0.013832568
9.42E-04,0.013796387
9.42E-04,0.013771854
9.43E-04,0.013735661
9.44E-04,0.01371114
9.44E-04,0.013674934
9.45E-04,0.013650427
9.46E-04,0.013614207
9.46E-04,0.013589713
9.47E-04,0.01355348
9.48E-04,0.013529001
9.49E-04,0.013492751
9.49E-04,0.01346829
9.50E-04,0.013432019
9.51E-04,0.013407584
9.51E-04,0.013371279
9.52E-04,0.013346896
9.53E-04,0.013310498
9.53E-04,0.013287688
9.54E-04,0.01325473
9.55E-04,0.013233319
9.55E-04,0.013200255
9.56E-04,0.013178897
9.57E-04,0.013145799
9.58E-04,0.013124467
9.58E-04,0.013091349
9.59E-04,0.013070033
9.60E-04,0.0130369
9.60E-04,0.013015598
9.61E-04,0.012982453
9.62E-04,0.012961162
9.62E-04,0.012928006
9.63E-04,0.012906725
9.64E-04,0.012873559
9.64E-04,0.012852288
9.65E-04,0.012819113
9.66E-04,0.012797851
9.66E-04,0.012764668
9.67E-04,0.012743413
9.68E-04,0.012710222
9.69E-04,0.012688976
9.69E-04,0.012655777
9.70E-04,0.012634538
9.71E-04,0.012601332
9.71E-04,0.0125801
9.72E-04,0.012546887
9.73E-04,0.012525662
9.73E-04,0.012492442
9.74E-04,0.012471223
9.75E-04,0.012437997
9.75E-04,0.012416785
9.76E-04,0.012383552
9.77E-04,0.012362346
9.78E-04,0.012329108
9.78E-04,0.012307908
9.79E-04,0.012274663
9.80E-04,0.012253469
9.80E-04,0.012220219
9.81E-04,0.01219903
9.82E-04,0.012165775
9.82E-04,0.012144591
9.83E-04,0.01211133
9.84E-04,0.012090152
9.84E-04,0.012056886
9.85E-04,0.012035713
9.86E-04,0.012002442
9.87E-04,0.011981274
9.87E-04,0.011947998
9.88E-04,0.011926836
9.89E-04,0.011893554
9.89E-04,0.011872397
9.90E-04,0.011839109
9.91E-04,0.011817959
9.91E-04,0.011784663
9.92E-04,0.011763522
9.93E-04,0.011730216
9.93E-04,0.011709088
9.94E-04,0.011675762
9.95E-04,0.011654669
9.95E-04,0.011621262
9.96E-04,0.011600859
9.97E-04,0.011570223
9.98E-04,0.011551687
9.98E-04,0.011521082
9.99E-04,0.011502561
1.00E-03,0.011471945
1.00E-03,0.011453433
1.00E-03,0.011422809
1.00E-03,0.011404303
1.00E-03,0.011373674
1.00E-03,0.011355172
1.00E-03,0.01132454
1.00E-03,0.011306041
1.01E-03,0.011275406
1.01E-03,0.011256909
1.01E-03,0.011226273
1.01E-03,0.011207777
1.01E-03,0.011177139
1.01E-03,0.011158645
1.01E-03,0.011128006
1.01E-03,0.011109513
1.01E-03,0.011078873
1.01E-03,0.01106038
1.01E-03,0.01102974
1.01E-03,0.011011248
1.01E-03,0.010980608
1.01E-03,0.010962115
1.01E-03,0.010931475
1.02E-03,0.010912982
1.02E-03,0.010882343
1.02E-03,0.01086385
1.02E-03,0.01083321
1.02E-03,0.010814717
1.02E-03,0.010784078
1.02E-03,0.010765583
1.02E-03,0.010734946
1.02E-03,0.01071645
1.02E-03,0.010685814
1.02E-03,0.010667317
1.02E-03,0.010636682
1.02E-03,0.010618184
1.02E-03,0.01058755
1.03E-03,0.01056905
1.03E-03,0.010538419
1.03E-03,0.010519917
1.03E-03,0.010489287
1.03E-03,0.010470783
1.03E-03,0.010440155
1.03E-03,0.010421649
1.03E-03,0.010391024
1.03E-03,0.010372516
1.03E-03,0.010341892
1.03E-03,0.010323382
1.03E-03,0.01029276
1.03E-03,0.010274249
1.03E-03,0.010243627
1.03E-03,0.010225117
1.04E-03,0.010194494
1.04E-03,0.010175985
1.04E-03,0.010145359
1.04E-03,0.010126858
1.04E-03,0.010096218
1.04E-03,0.010077743
1.04E-03,0.010047044
1.04E-03,0.010029634
1.04E-03,0.010001406
1.04E-03,0.009985032
1.04E-03,0.009956744
1.04E-03,0.009940396
1.04E-03,0.009912095
1.04E-03,0.009895753
1.05E-03,0.009867449
1.05E-03,0.009851108
1.05E-03,0.009822805
1.05E-03,0.009806462
1.05E-03,0.009778162
1.05E-03,0.009761816
1.05E-03,0.00973352
1.05E-03,0.009717168
1.05E-03,0.009688877
1.05E-03,0.009672521
1.05E-03,0.009644235
1.05E-03,0.009627873
1.05E-03,0.009599594
1.05E-03,0.009583226
1.05E-03,0.009554952
1.06E-03,0.009538578
1.06E-03,0.009510311
1.06E-03,0.00949393
1.06E-03,0.009465669
1.06E-03,0.009449281
1.06E-03,0.009421028
1.06E-03,0.009404633
1.06E-03,0.009376387
1.06E-03,0.009359984
1.06E-03,0.009331746
1.06E-03,0.009315336
1.06E-03,0.009287106
1.06E-03,0.009270687
1.06E-03,0.009242465
1.07E-03,0.009226038
1.07E-03,0.009197825
1.07E-03,0.009181389
1.07E-03,0.009153184
1.07E-03,0.009136739
1.07E-03,0.009108544
1.07E-03,0.00909209
1.07E-03,0.009063904
1.07E-03,0.00904744
1.07E-03,0.009019264
1.07E-03,0.009002791
1.07E-03,0.008974625
1.07E-03,0.008958141
1.07E-03,0.008929985
1.07E-03,0.008913491
1.08E-03,0.008885346
1.08E-03,0.008868841
1.08E-03,0.008840707
1.08E-03,0.00882419
1.08E-03,0.008796068
1.08E-03,0.008779539
1.08E-03,0.00875143
1.08E-03,0.008734887
1.08E-03,0.008706793
1.08E-03,0.008690233
1.08E-03,0.008662159
1.08E-03,0.008645574
1.08E-03,0.008617537
1.08E-03,0.00860088
1.09E-03,0.008573453
1.09E-03,0.008558796
1.09E-03,0.008532563
1.09E-03,0.008517884
1.09E-03,0.008491679
1.09E-03,0.008476977
1.09E-03,0.008450792
1.09E-03,0.008436073
1.09E-03,0.008409904
1.09E-03,0.00839517
1.09E-03,0.008369015
1.09E-03,0.008354267
1.09E-03,0.008328126
1.09E-03,0.008313364
1.09E-03,0.008287237
1.10E-03,0.008272461
1.10E-03,0.008246347
1.10E-03,0.008231558
1.10E-03,0.008205458
1.10E-03,0.008190655
1.10E-03,0.008164569
1.10E-03,0.008149752
1.10E-03,0.00812368
1.10E-03,0.008108849
1.10E-03,0.008082791
1.10E-03,0.008067946
1.10E-03,0.008041902
1.10E-03,0.008027043
1.10E-03,0.008001013
1.11E-03,0.007986139
1.11E-03,0.007960124
1.11E-03,0.007945236
1.11E-03,0.007919235
1.11E-03,0.007904333
1.11E-03,0.007878346
1.11E-03,0.007863429
1.11E-03,0.007837457
1.11E-03,0.007822526
1.11E-03,0.007796569
1.11E-03,0.007781622
1.11E-03,0.00775568
1.11E-03,0.007740719
1.11E-03,0.007714792
1.11E-03,0.007699815
1.12E-03,0.007673903
1.12E-03,0.007658911
1.12E-03,0.007633015
1.12E-03,0.007618007
1.12E-03,0.007592127
1.12E-03,0.007577103
1.12E-03,0.007551238
1.12E-03,0.0075362
1.12E-03,0.00751035
1.12E-03,0.007495296
1.12E-03,0.007469462
1.12E-03,0.007454392
1.12E-03,0.007428573
1.12E-03,0.007413488
1.13E-03,0.007387685
1.13E-03,0.007372585
1.13E-03,0.007346796
1.13E-03,0.007331682
1.13E-03,0.007305906
1.13E-03,0.00729078
1.13E-03,0.007265014
1.13E-03,0.007249883
1.13E-03,0.007224129
1.13E-03,0.007209975
1.13E-03,0.007185894
1.13E-03,0.007172202
1.13E-03,0.007148089
1.13E-03,0.007134401
1.13E-03,0.007110294
1.14E-03,0.007096595
1.14E-03,0.007072502
1.14E-03,0.007058788
1.14E-03,0.00703471
1.14E-03,0.00702098
1.14E-03,0.006996919
1.14E-03,0.006983172
1.14E-03,0.006959129
1.14E-03,0.006945364
1.14E-03,0.006921338
1.14E-03,0.006907555
1.14E-03,0.006883548
1.14E-03,0.006869746
1.14E-03,0.006845758
1.15E-03,0.006831938
1.15E-03,0.006807968
1.15E-03,0.006794129
1.15E-03,0.006770178
1.15E-03,0.006756319
1.15E-03,0.006732388
1.15E-03,0.00671851
1.15E-03,0.006694598
1.15E-03,0.006680701
1.15E-03,0.006656808
1.15E-03,0.006642891
1.15E-03,0.006619019
1.15E-03,0.006605082
1.15E-03,0.006581229
1.15E-03,0.006567272
1.16E-03,0.00654344
1.16E-03,0.006529463
1.16E-03,0.006505651
1.16E-03,0.006491653
1.16E-03,0.006467861
1.16E-03,0.006453843
1.16E-03,0.006430072
1.16E-03,0.006416033
1.16E-03,0.006392283
1.16E-03,0.006378223
1.16E-03,0.006354494
1.16E-03,0.006340413
1.16E-03,0.006316705
1.16E-03,0.006302603
1.17E-03,0.006278916
1.17E-03,0.006264793
1.17E-03,0.006241127
1.17E-03,0.006226983
1.17E-03,0.006203338
1.17E-03,0.006189173
1.17E-03,0.00616555
1.17E-03,0.006151363
1.17E-03,0.006127761
1.17E-03,0.006113553
1.17E-03,0.006089971
1.17E-03,0.006075743
1.17E-03,0.006052182
1.17E-03,0.006037934
1.17E-03,0.006014391
1.18E-03,0.006000127
1.18E-03,0.005976598
1.18E-03,0.005962325
1.18E-03,0.005938797
1.18E-03,0.005925215
1.18E-03,0.005903082
1.18E-03,0.005889952
1.18E-03,0.005867801
1.18E-03,0.005854666
1.18E-03,0.005832528
1.18E-03,0.005819376
1.18E-03,0.005797257
1.18E-03,0.005784085
1.18E-03,0.005761987
1.19E-03,0.005748793
1.19E-03,0.005726717
1.19E-03,0.005713501
1.19E-03,0.005691448
1.19E-03,0.005678208
1.19E-03,0.005656178
1.19E-03,0.005642916
1.19E-03,0.005620909
1.19E-03,0.005607623
1.19E-03,0.00558564
1.19E-03,0.00557233
1.19E-03,0.005550372
1.19E-03,0.005537037
1.19E-03,0.005515103
1.19E-03,0.005501744
1.20E-03,0.005479834
1.20E-03,0.005466451
1.20E-03,0.005444566
1.20E-03,0.005431158
1.20E-03,0.005409297
1.20E-03,0.005395864
1.20E-03,0.005374029
1.20E-03,0.005360571
1.20E-03,0.005338761
1.20E-03,0.005325278
1.20E-03,0.005303492
1.20E-03,0.005289984
1.20E-03,0.005268224
1.20E-03,0.005254691
1.21E-03,0.005232956
1.21E-03,0.005219397
1.21E-03,0.005197688
1.21E-03,0.005184103
1.21E-03,0.00516242
1.21E-03,0.005148809
1.21E-03,0.005127152
1.21E-03,0.005113515
1.21E-03,0.005091885
1.21E-03,0.005078222
1.21E-03,0.005056617
1.21E-03,0.005042928
1.21E-03,0.005021349
1.21E-03,0.005007633
1.22E-03,0.004986082
1.22E-03,0.004972339
1.22E-03,0.004950814
1.22E-03,0.004937045
1.22E-03,0.004915547
1.22E-03,0.004901751
1.22E-03,0.00488028
1.22E-03,0.004866456
1.22E-03,0.004845012
1.22E-03,0.004831161
1.22E-03,0.004809746
1.22E-03,0.004795866
1.22E-03,0.00477448
1.22E-03,0.00476057
1.22E-03,0.004739217
1.23E-03,0.004725261
1.23E-03,0.004704081
1.23E-03,0.004691031
1.23E-03,0.004670703
1.23E-03,0.004657694
1.23E-03,0.004637387
1.23E-03,0.004624352
1.23E-03,0.004604072
1.23E-03,0.00459101
1.23E-03,0.004570757
1.23E-03,0.004557667
1.23E-03,0.004537442
1.23E-03,0.004524324
1.23E-03,0.004504128
1.24E-03,0.004490982
1.24E-03,0.004470813
1.24E-03,0.004457639
1.24E-03,0.004437499
1.24E-03,0.004424296
1.24E-03,0.004404184
1.24E-03,0.004390953
1.24E-03,0.00437087
1.24E-03,0.004357611
1.24E-03,0.004337556
1.24E-03,0.004324268
1.24E-03,0.004304241
1.24E-03,0.004290925
1.24E-03,0.004270927
1.24E-03,0.004257582
1.25E-03,0.004237613
1.25E-03,0.004224239
1.25E-03,0.004204298
1.25E-03,0.004190896
1.25E-03,0.004170984
1.25E-03,0.004157553
1.25E-03,0.00413767
1.25E-03,0.004124209
1.25E-03,0.004104356
1.25E-03,0.004090866
1.25E-03,0.004071042
1.25E-03,0.004057523
1.25E-03,0.004037728
1.25E-03,0.00402418
1.26E-03,0.004004414
1.26E-03,0.003990837
1.26E-03,0.0039711
1.26E-03,0.003957493
1.26E-03,0.003937786
1.26E-03,0.00392415
1.26E-03,0.003904472
1.26E-03,0.003890806
1.26E-03,0.003871158
1.26E-03,0.003857463
1.26E-03,0.003837845
1.26E-03,0.00382412
1.26E-03,0.003804531
1.26E-03,0.003790776
1.26E-03,0.003771217
1.27E-03,0.003757433
1.27E-03,0.003737903
1.27E-03,0.003724089
1.27E-03,0.003704589
1.27E-03,0.003690746
1.27E-03,0.003671276
1.27E-03,0.003657402
1.27E-03,0.003637962
1.27E-03,0.003624059
1.27E-03,0.003604647
1.27E-03,0.003590717
1.27E-03,0.003571332
1.27E-03,0.003557377
1.27E-03,0.003538007
1.28E-03,0.003524143
1.28E-03,0.003505532
1.28E-03,0.00349226
1.28E-03,0.003473726
1.28E-03,0.00346042
1.28E-03,0.003441917
1.28E-03,0.00342858
1.28E-03,0.003410108
1.28E-03,0.003396741
1.28E-03,0.003378298
1.28E-03,0.003364901
1.28E-03,0.003346489
1.28E-03,0.003333062
1.28E-03,0.00331468
1.28E-03,0.003301222
1.29E-03,0.003282871
1.29E-03,0.003269382
1.29E-03,0.003251061
1.29E-03,0.003237543
1.29E-03,0.003219252
1.29E-03,0.003205703
1.29E-03,0.003187443
1.29E-03,0.003173863
1.29E-03,0.003155634
1.29E-03,0.003142024
1.29E-03,0.003123825
1.29E-03,0.003110184
1.29E-03,0.003092016
1.29E-03,0.003078344
1.30E-03,0.003060207
1.30E-03,0.003046504
1.30E-03,0.003028397
1.30E-03,0.003014665
1.30E-03,0.002996588
1.30E-03,0.002982825
1.30E-03,0.002964779
1.30E-03,0.002950985
1.30E-03,0.00293297
1.30E-03,0.002919145
1.30E-03,0.002901161
1.30E-03,0.002887306
1.30E-03,0.002869352
1.30E-03,0.002855466
1.30E-03,0.002837543
1.31E-03,0.002823626
1.31E-03,0.002805734
1.31E-03,0.002791787
1.31E-03,0.002773924
1.31E-03,0.002759947
1.31E-03,0.002742115
1.31E-03,0.002728107
1.31E-03,0.002710306
1.31E-03,0.002696268
1.31E-03,0.002678497
1.31E-03,0.002664428
1.31E-03,0.002646688
1.31E-03,0.002632588
1.31E-03,0.002614878
1.32E-03,0.002600749
1.32E-03,0.002583069
1.32E-03,0.002568909
1.32E-03,0.00255126
1.32E-03,0.00253707
1.32E-03,0.00251945
1.32E-03,0.00250523
1.32E-03,0.002487641
1.32E-03,0.00247339
1.32E-03,0.002455832
1.32E-03,0.002441551
1.32E-03,0.002424023
1.32E-03,0.00240971
1.32E-03,0.002392216
1.32E-03,0.00237787
1.33E-03,0.002360705
1.33E-03,0.002346845
1.33E-03,0.002329865
1.33E-03,0.00231596
1.33E-03,0.002299015
1.33E-03,0.002285079
1.33E-03,0.002268164
1.33E-03,0.002254198
1.33E-03,0.002237313
1.33E-03,0.002223318
1.33E-03,0.002206461
1.33E-03,0.002192438
1.33E-03,0.002175609
1.33E-03,0.002161558
1.34E-03,0.002144756
1.34E-03,0.002130678
1.34E-03,0.002113904
1.34E-03,0.002099799
1.34E-03,0.002083051
1.34E-03,0.00206892
1.34E-03,0.002052198
1.34E-03,0.002038041
1.34E-03,0.002021344
1.34E-03,0.002007163
1.34E-03,0.001990491
1.34E-03,0.001976285
1.34E-03,0.001959636
1.34E-03,0.001945407
1.34E-03,0.001928782
1.35E-03,0.00191453
1.35E-03,0.001897927
1.35E-03,0.001883653
1.35E-03,0.001867071
1.35E-03,0.001852777
1.35E-03,0.001836215
1.35E-03,0.001821902
1.35E-03,0.001805358
1.35E-03,0.001791027
1.35E-03,0.0017745
1.35E-03,0.001760153
1.35E-03,0.001743641
1.35E-03,0.001729281
1.35E-03,1.71E-03
1.36E-03,1.70E-03
1.36E-03,1.68E-03
1.36E-03,1.67E-03
1.36E-03,1.65E-03
1.36E-03,1.64E-03
1.36E-03,1.62E-03
1.36E-03,1.61E-03
1.36E-03,1.59E-03
1.36E-03,1.57E-03
1.36E-03,1.56E-03
1.36E-03,1.54E-03
1.36E-03,1.53E-03
1.36E-03,1.51E-03
1.36E-03,1.50E-03
1.36E-03,1.48E-03
1.37E-03,1.47E-03
1.37E-03,1.45E-03
1.37E-03,1.43E-03
1.37E-03,1.42E-03
1.37E-03,1.40E-03
1.37E-03,1.39E-03
1.37E-03,1.37E-03
1.37E-03,1.36E-03
1.37E-03,1.34E-03
1.37E-03,1.33E-03
1.37E-03,1.31E-03
1.37E-03,1.30E-03
1.37E-03,1.28E-03
1.37E-03,1.27E-03
1.38E-03,1.25E-03
1.38E-03,1.23E-03
1.38E-03,1.07E-03
1.38E-03,8.48E-04
1.38E-03,6.39E-04
1.38E-03,4.25E-04
1.38E-03,0.000212857
1.38E-03,-2.87E-16
